customer_id,frequency,monetary,avg_order,recency_days,segment
C00001,2,19.72,9.86,313,0
C00002,6,464.28999999999996,77.38166666666666,28,4
C00003,1,13.28,13.28,414,0
C00004,3,48.11,16.036666666666665,521,2
C00005,2,90.53999999999999,45.269999999999996,758,2
C00006,12,369.14,30.761666666666667,35,1
C00007,3,79.88,26.626666666666665,466,2
C00008,3,65.91,21.97,211,0
C00009,5,70.25,14.05,75,0
C00010,3,70.63,23.543333333333333,525,2
C00011,5,449.44,89.888,23,4
C00012,2,34.7,17.35,589,2
C00013,3,38.78,12.926666666666668,169,0
C00014,3,104.86,34.95333333333333,364,0
C00015,2,21.75,10.875,623,2
C00016,5,200.3,40.06,2,0
C00017,1,77.73,77.73,474,4
C00018,3,153.73000000000002,51.24333333333334,354,4
C00019,1,6.73,6.73,793,2
C00020,6,143.91,23.985,485,0
C00021,4,254.64000000000001,63.660000000000004,373,4
C00022,1,14.81,14.81,938,2
C00023,3,109.19,36.39666666666667,204,0
C00024,11,441.93,40.17545454545455,42,1
C00025,1,16.5,16.5,979,2
C00026,3,114.91999999999999,38.306666666666665,292,0
C00027,4,120.41999999999999,30.104999999999997,96,0
C00028,1,35.29,35.29,829,2
C00029,5,192.84,38.568,439,0
C00030,3,52.58,17.526666666666667,350,0
C00031,4,109.05000000000001,27.262500000000003,335,0
C00032,4,114.39,28.5975,305,0
C00033,3,71.17999999999999,23.726666666666663,10,0
C00034,1,13.18,13.18,325,0
C00035,2,110.92,55.46,349,4
C00036,8,115.96,14.495,43,0
C00037,3,205.72,68.57333333333334,416,4
C00038,3,28.799999999999997,9.6,200,0
C00039,6,78.77000000000001,13.128333333333336,27,0
C00040,2,52.72,26.36,265,0
C00041,5,593.48,118.696,13,4
C00042,1,47.59,47.59,419,2
C00043,10,306.68,30.668,174,1
C00044,4,275.35,68.8375,178,4
C00045,11,627.26,57.02363636363636,261,3
C00046,2,112.18,56.09,447,4
C00047,2,40.39,20.195,400,0
C00048,2,19.0,9.5,434,0
C00049,1,46.62,46.62,586,2
C00050,7,248.35,35.47857142857143,73,0
C00051,1,20.83,20.83,672,2
C00052,4,46.89,11.7225,326,0
C00053,3,88.52,29.506666666666664,611,2
C00054,2,40.61,20.305,182,0
C00055,3,154.83,51.61000000000001,733,2
C00056,3,61.25,20.416666666666668,131,0
C00057,5,539.71,107.94200000000001,121,4
C00058,1,32.68,32.68,630,2
C00059,1,25.11,25.11,807,2
C00060,2,49.8,24.9,545,2
C00061,12,492.89,41.07416666666666,24,1
C00062,3,164.49,54.830000000000005,762,2
C00063,5,203.08,40.616,259,4
C00064,5,46.57,9.314,179,0
C00065,4,26.16,6.54,109,0
C00066,4,127.55,31.8875,136,0
C00067,1,35.01,35.01,41,0
C00068,1,21.31,21.31,90,0
C00069,2,60.07,30.035,556,2
C00070,4,83.55,20.8875,262,0
C00071,3,158.98,52.99333333333333,124,4
C00072,3,155.87,51.95666666666667,189,4
C00073,1,44.58,44.58,492,2
C00074,4,324.74,81.185,373,4
C00075,5,100.65,20.130000000000003,489,2
C00076,1,46.39,46.39,14,0
C00077,2,120.31,60.155,272,4
C00078,3,40.61,13.536666666666667,648,2
C00079,12,206.41,17.200833333333332,36,1
C00080,3,113.56,37.85333333333333,642,2
C00081,2,40.42,20.21,720,2
C00082,5,221.93,44.386,5,4
C00083,5,86.2,17.240000000000002,48,0
C00084,3,23.910000000000004,7.9700000000000015,269,0
C00085,3,146.19,48.73,529,2
C00086,1,11.47,11.47,235,0
C00087,1,10.29,10.29,325,0
C00088,1,19.33,19.33,780,2
C00089,17,409.68,24.098823529411764,31,1
C00090,11,598.03,54.36636363636364,160,1
C00091,1,52.03,52.03,646,2
C00092,3,90.9,30.3,173,0
C00093,4,178.0,44.5,346,4
C00094,1,24.32,24.32,191,0
C00095,5,44.44,8.888,50,0
C00096,5,259.65,51.92999999999999,98,4
C00097,1,33.11,33.11,758,2
C00098,3,134.26999999999998,44.75666666666666,668,2
C00099,4,104.04,26.01,785,2
C00100,2,49.54,24.77,117,0
C00101,6,93.12,15.520000000000001,409,0
C00102,2,47.32,23.66,922,2
C00103,9,661.3199999999999,73.47999999999999,50,3
C00104,3,53.15,17.716666666666665,276,0
C00105,2,67.34,33.67,922,2
C00106,3,136.67000000000002,45.55666666666667,57,0
C00107,3,15.24,5.08,111,0
C00108,3,164.96,54.98666666666667,72,4
C00109,3,63.7,21.233333333333334,272,0
C00110,3,85.53,28.51,167,0
C00111,3,92.53999999999999,30.846666666666664,26,0
C00112,4,185.79999999999998,46.449999999999996,723,2
C00113,3,195.48,65.16,492,4
C00114,3,146.5,48.833333333333336,31,4
C00115,4,150.32999999999998,37.582499999999996,316,0
C00116,11,316.7,28.79090909090909,117,1
C00117,3,119.06,39.68666666666667,349,0
C00118,5,168.74,33.748000000000005,616,2
C00119,12,191.63,15.969166666666666,37,1
C00120,14,205.35,14.667857142857143,40,1
C00121,14,264.84000000000003,18.91714285714286,21,1
C00122,5,93.17999999999999,18.636,319,0
C00123,12,236.05,19.670833333333334,86,1
C00124,3,46.17,15.39,548,2
C00125,5,106.5,21.3,182,0
C00126,3,84.13,28.043333333333333,473,2
C00127,1,15.11,15.11,17,0
C00128,24,793.33,33.055416666666666,5,3
C00129,3,38.67,12.89,227,0
C00130,2,25.75,12.875,760,2
C00131,2,18.630000000000003,9.315000000000001,134,0
C00132,2,46.230000000000004,23.115000000000002,369,0
C00133,1,27.13,27.13,652,2
C00134,2,316.97,158.485,609,4
C00135,2,53.81,26.905,432,2
C00136,4,20.36,5.09,210,0
C00137,4,88.1,22.025,103,0
C00138,2,50.98,25.49,453,2
C00139,2,56.82,28.41,148,0
C00140,2,103.6,51.8,821,2
C00141,4,56.46,14.115,7,0
C00142,2,57.43,28.715,582,2
C00143,4,141.78,35.445,220,0
C00144,1,25.9,25.9,283,0
C00145,5,120.56,24.112000000000002,225,0
C00146,3,59.86000000000001,19.953333333333337,23,0
C00147,3,153.63,51.21,76,4
C00148,7,177.74,25.391428571428573,1,0
C00149,12,1470.28,122.52333333333333,186,3
C00150,1,35.76,35.76,713,2
C00151,1,47.58,47.58,795,2
C00152,4,509.1,127.275,153,4
C00153,3,74.42,24.80666666666667,192,0
C00154,2,23.2,11.6,762,2
C00155,3,112.47,37.49,200,0
C00156,4,50.39,12.5975,5,0
C00157,4,38.28,9.57,695,2
C00158,1,28.59,28.59,172,0
C00159,1,10.7,10.7,58,0
C00160,3,62.8,20.933333333333334,487,2
C00161,2,48.35,24.175,127,0
C00162,2,47.81999999999999,23.909999999999997,886,2
C00163,4,110.27,27.5675,62,0
C00164,2,92.38,46.19,414,2
C00165,2,57.33,28.665,635,2
C00166,5,427.54,85.50800000000001,28,4
C00167,3,125.55,41.85,215,0
C00168,7,158.4,22.62857142857143,103,0
C00169,1,56.93,56.93,974,2
C00170,3,85.4,28.46666666666667,34,0
C00171,3,89.46000000000001,29.820000000000004,423,0
C00172,4,68.27,17.0675,142,0
C00173,2,34.26,17.13,480,2
C00174,3,90.08,30.026666666666667,234,0
C00175,2,19.06,9.53,180,0
C00176,4,343.74,85.935,90,4
C00177,1,41.97,41.97,405,2
C00178,3,175.05,58.35,374,4
C00179,1,89.66,89.66,204,4
C00180,4,46.019999999999996,11.504999999999999,286,0
C00181,6,191.98000000000002,31.99666666666667,184,0
C00182,17,1011.78,59.51647058823529,119,3
C00183,1,14.17,14.17,142,0
C00184,1,28.97,28.97,479,2
C00185,3,182.39000000000001,60.796666666666674,41,4
C00186,3,80.89,26.963333333333335,468,2
C00187,12,106.93,8.910833333333334,91,1
C00188,4,50.22,12.555,265,0
C00189,1,16.98,16.98,778,2
C00190,1,21.49,21.49,710,2
C00191,4,127.17999999999999,31.794999999999998,150,0
C00192,1,25.08,25.08,495,2
C00193,1,14.74,14.74,799,2
C00194,5,129.04,25.808,146,0
C00195,6,141.66,23.61,1,0
C00196,1,24.19,24.19,30,0
C00197,2,29.18,14.59,240,0
C00198,1,12.9,12.9,757,2
C00199,1,21.21,21.21,395,0
C00200,1,17.65,17.65,176,0
C00201,4,50.13,12.5325,243,0
C00202,2,36.36,18.18,900,2
C00203,8,295.46,36.9325,121,1
C00204,2,69.15,34.575,211,0
C00205,1,155.79,155.79,1014,4
C00206,2,72.89,36.445,192,0
C00207,1,37.66,37.66,772,2
C00208,6,236.94,39.49,339,4
C00209,1,13.52,13.52,1088,2
C00210,2,153.18,76.59,650,4
C00211,2,45.9,22.95,370,0
C00212,3,84.72999999999999,28.24333333333333,29,0
C00213,2,112.21000000000001,56.105000000000004,483,4
C00214,5,45.54,9.108,350,0
C00215,3,63.8,21.266666666666666,384,0
C00216,3,65.47,21.823333333333334,32,0
C00217,8,537.51,67.18875,202,4
C00218,4,120.5,30.125,1,0
C00219,4,87.69,21.9225,110,0
C00220,2,92.80000000000001,46.400000000000006,70,0
C00221,3,84.46,28.153333333333332,810,2
C00222,6,261.38,43.56333333333333,76,4
C00223,2,43.61,21.805,199,0
C00224,2,40.03,20.015,154,0
C00225,3,68.85,22.95,778,2
C00226,12,113.27,9.439166666666667,104,1
C00227,3,229.39,76.46333333333332,273,4
C00228,1,11.4,11.4,633,2
C00229,3,111.66999999999999,37.22333333333333,111,0
C00230,2,61.93000000000001,30.965000000000003,388,0
C00231,1,45.99,45.99,1072,2
C00232,5,114.64,22.928,201,0
C00233,1,28.51,28.51,313,0
C00234,5,90.41,18.082,24,0
C00235,1,8.73,8.73,965,2
C00236,13,228.47,17.574615384615385,18,1
C00237,6,88.85000000000001,14.808333333333335,386,0
C00238,22,773.86,35.17545454545455,29,3
C00239,2,95.71000000000001,47.855000000000004,68,0
C00240,4,93.32,23.33,217,0
C00241,3,100.95000000000002,33.650000000000006,197,0
C00242,1,36.79,36.79,610,2
C00243,4,56.56,14.14,395,0
C00244,2,39.59,19.795,327,0
C00245,3,64.26,21.42,215,0
C00246,2,55.82,27.91,685,2
C00247,12,748.99,62.41583333333333,53,3
C00248,3,17.42,5.8066666666666675,1,0
C00249,1,22.51,22.51,1033,2
C00250,3,125.03,41.67666666666667,432,2
C00251,3,231.26999999999998,77.08999999999999,578,4
C00252,2,78.77,39.385,362,0
C00253,2,68.99000000000001,34.495000000000005,394,0
C00254,2,39.4,19.7,34,0
C00255,3,59.59,19.863333333333333,688,2
C00256,2,72.81,36.405,723,2
C00257,7,144.87,20.695714285714285,33,0
C00258,3,183.55,61.18333333333334,610,4
C00259,3,92.22,30.74,108,0
C00260,5,42.870000000000005,8.574000000000002,189,0
C00261,4,98.25,24.5625,95,0
C00262,4,175.57,43.8925,543,2
C00263,14,998.25,71.30357142857143,38,3
C00264,1,51.7,51.7,666,2
C00265,1,13.84,13.84,657,2
C00266,1,31.31,31.31,601,2
C00267,3,101.9,33.96666666666667,124,0
C00268,2,69.19999999999999,34.599999999999994,802,2
C00269,3,47.75,15.916666666666666,858,2
C00270,4,45.19,11.2975,78,0
C00271,1,7.47,7.47,727,2
C00272,5,116.24,23.247999999999998,276,0
C00273,4,238.51999999999998,59.629999999999995,15,4
C00274,4,135.0,33.75,17,0
C00275,11,338.84,30.80363636363636,23,1
C00276,1,22.25,22.25,915,2
C00277,12,197.51,16.459166666666665,148,1
C00278,3,68.6,22.866666666666664,299,0
C00279,2,69.94,34.97,645,2
C00280,3,200.61,66.87,268,4
C00281,2,30.729999999999997,15.364999999999998,529,2
C00282,2,19.07,9.535,650,2
C00283,3,75.8,25.266666666666666,659,2
C00284,4,87.76,21.94,163,0
C00285,4,249.25,62.3125,273,4
C00286,4,93.41,23.3525,136,0
C00287,17,243.98000000000002,14.351764705882355,15,1
C00288,5,46.25,9.25,670,2
C00289,2,35.54,17.77,360,0
C00290,18,354.38,19.68777777777778,248,1
C00291,2,69.41999999999999,34.709999999999994,759,2
C00292,2,51.45,25.725,372,0
C00293,2,29.700000000000003,14.850000000000001,330,0
C00294,2,23.58,11.79,979,2
C00295,3,57.43,19.143333333333334,455,2
C00296,6,151.72,25.286666666666665,106,0
C00297,5,272.14,54.428,44,4
C00298,4,85.35,21.3375,285,0
C00299,5,67.48,13.496,25,0
C00300,1,11.2,11.2,757,2
C00301,4,103.42999999999999,25.857499999999998,189,0
C00302,3,90.45,30.150000000000002,90,0
C00303,4,93.99,23.4975,107,0
C00304,3,119.56,39.85333333333333,338,0
C00305,4,85.01,21.2525,177,0
C00306,3,274.47,91.49000000000001,545,4
C00307,2,32.63,16.315,68,0
C00308,1,24.82,24.82,269,0
C00309,2,48.57,24.285,196,0
C00310,1,21.05,21.05,849,2
C00311,5,117.36,23.472,116,0
C00312,2,119.11,59.555,201,4
C00313,3,115.56,38.52,145,0
C00314,3,73.53999999999999,24.513333333333332,379,0
C00315,4,102.58,25.645,545,2
C00316,1,26.86,26.86,364,0
C00317,2,59.28,29.64,168,0
C00318,6,228.25,38.041666666666664,121,0
C00319,4,69.07,17.2675,128,0
C00320,5,61.1,12.22,26,0
C00321,2,31.619999999999997,15.809999999999999,16,0
C00322,1,10.3,10.3,519,2
C00323,3,139.20000000000002,46.400000000000006,205,4
C00324,4,184.95000000000002,46.237500000000004,75,4
C00325,2,48.66,24.33,27,0
C00326,2,33.65,16.825,546,2
C00327,5,46.36,9.272,66,0
C00328,5,46.71,9.342,410,0
C00329,3,95.99000000000001,31.99666666666667,396,0
C00330,14,550.45,39.31785714285714,93,1
C00331,2,41.45,20.725,139,0
C00332,5,168.49,33.698,327,0
C00333,5,239.04,47.808,106,4
C00334,8,378.75,47.34375,81,1
C00335,4,368.97,92.2425,338,4
C00336,3,111.25,37.083333333333336,484,2
C00337,2,74.89,37.445,98,0
C00338,9,155.18,17.242222222222225,48,1
C00339,4,43.31,10.8275,62,0
C00340,3,55.86,18.62,87,0
C00341,5,192.91,38.582,3,0
C00342,1,23.13,23.13,164,0
C00343,3,67.29,22.430000000000003,349,0
C00344,8,64.67999999999999,8.084999999999999,93,0
C00345,3,188.47,62.82333333333333,382,4
C00346,3,115.92,38.64,419,0
C00347,21,858.63,40.887142857142855,177,3
C00348,5,84.01,16.802,250,0
C00349,2,152.0,76.0,207,4
C00350,5,305.97,61.194,183,4
C00351,14,253.52,18.10857142857143,71,1
C00352,2,273.49,136.745,385,4
C00353,4,140.88,35.22,430,0
C00354,3,71.14,23.713333333333335,136,0
C00355,3,42.8,14.266666666666666,579,2
C00356,2,76.50999999999999,38.254999999999995,72,0
C00357,4,105.2,26.3,143,0
C00358,4,114.11,28.5275,251,0
C00359,1,36.0,36.0,891,2
C00360,4,115.34,28.835,315,0
C00361,1,18.8,18.8,211,0
C00362,6,194.04,32.339999999999996,69,0
C00363,2,52.81999999999999,26.409999999999997,118,0
C00364,1,29.83,29.83,535,2
C00365,2,74.15,37.075,52,0
C00366,2,184.71,92.355,186,4
C00367,4,54.28,13.57,137,0
C00368,1,8.42,8.42,650,2
C00369,1,31.87,31.87,968,2
C00370,3,81.61,27.203333333333333,287,0
C00371,2,50.63,25.315,541,2
C00372,16,242.64999999999998,15.165624999999999,66,1
C00373,2,99.29,49.645,332,4
C00374,3,123.55,41.18333333333333,202,0
C00375,10,164.04,16.404,21,1
C00376,3,61.82,20.606666666666666,784,2
C00377,5,123.66,24.732,530,2
C00378,1,56.4,56.4,206,4
C00379,18,377.79,20.988333333333333,90,1
C00380,3,100.93,33.64333333333334,154,0
C00381,14,357.93,25.56642857142857,18,1
C00382,2,32.32,16.16,231,0
C00383,5,380.49,76.098,141,4
C00384,1,28.36,28.36,207,0
C00385,8,267.01,33.37625,124,1
C00386,12,169.1,14.091666666666667,43,1
C00387,1,16.26,16.26,763,2
C00388,3,119.52000000000001,39.84,553,2
C00389,2,55.42,27.71,25,0
C00390,2,116.25,58.125,161,4
C00391,3,54.019999999999996,18.006666666666664,547,2
C00392,7,158.61,22.65857142857143,136,0
C00393,5,369.96,73.99199999999999,243,4
C00394,3,123.19,41.06333333333333,95,0
C00395,4,51.61,12.9025,320,0
C00396,3,42.65,14.216666666666667,39,0
C00397,8,187.52,23.44,138,0
C00398,2,21.22,10.61,209,0
C00399,21,258.43,12.306190476190476,39,1
C00400,7,148.51999999999998,21.217142857142854,70,0
C00401,2,106.22,53.11,562,2
C00402,6,91.41,15.235,245,0
C00403,4,55.519999999999996,13.879999999999999,113,0
C00404,3,73.67999999999999,24.56,151,0
C00405,1,24.65,24.65,614,2
C00406,5,141.78,28.356,36,0
C00407,1,15.62,15.62,260,0
C00408,5,100.63,20.125999999999998,454,0
C00409,3,323.19,107.73,547,4
C00410,2,77.85000000000001,38.925000000000004,640,2
C00411,8,262.42,32.8025,65,1
C00412,22,1026.03,46.63772727272727,14,3
C00413,2,56.54,28.27,359,0
C00414,3,89.65,29.883333333333336,5,0
C00415,1,40.44,40.44,72,0
C00416,7,176.62,25.231428571428573,9,0
C00417,1,18.24,18.24,1018,2
C00418,3,45.269999999999996,15.089999999999998,503,2
C00419,1,7.93,7.93,437,2
C00420,2,90.08,45.04,123,0
C00421,1,48.88,48.88,220,0
C00422,2,39.99,19.995,241,0
C00423,3,25.229999999999997,8.409999999999998,323,0
C00424,2,35.42,17.71,365,0
C00425,2,91.66,45.83,8,0
C00426,2,39.24,19.62,131,0
C00427,4,125.94,31.485,134,0
C00428,3,100.92,33.64,195,0
C00429,2,37.75,18.875,266,0
C00430,4,141.82,35.455,182,0
C00431,2,71.73,35.865,224,0
C00432,1,37.68,37.68,567,2
C00433,2,41.56,20.78,173,0
C00434,2,31.07,15.535,310,0
C00435,2,27.700000000000003,13.850000000000001,778,2
C00436,3,146.81,48.93666666666667,250,4
C00437,2,28.73,14.365,647,2
C00438,2,118.07,59.035,440,4
C00439,6,152.01,25.334999999999997,123,0
C00440,6,268.2,44.699999999999996,316,4
C00441,4,364.96999999999997,91.24249999999999,359,4
C00442,1,11.89,11.89,750,2
C00443,1,44.5,44.5,657,2
C00444,1,18.48,18.48,63,0
C00445,6,127.25,21.208333333333332,142,0
C00446,5,30.580000000000002,6.1160000000000005,87,0
C00447,5,179.28,35.856,209,0
C00448,2,38.989999999999995,19.494999999999997,218,0
C00449,4,309.72,77.43,322,4
C00450,13,232.7,17.9,3,1
C00451,2,64.28,32.14,376,0
C00452,12,425.26,35.43833333333333,140,1
C00453,5,103.05,20.61,238,0
C00454,11,454.95,41.35909090909091,237,1
C00455,1,34.68,34.68,125,0
C00456,1,45.17,45.17,157,0
C00457,3,203.99,67.99666666666667,219,4
C00458,3,102.41,34.13666666666666,274,0
C00459,2,24.97,12.485,600,2
C00460,2,40.849999999999994,20.424999999999997,222,0
C00461,2,29.56,14.78,315,0
C00462,5,131.07,26.214,254,0
C00463,1,7.35,7.35,181,0
C00464,5,223.39,44.678,215,4
C00465,1,30.58,30.58,465,2
C00466,2,84.66,42.33,416,2
C00467,5,304.94,60.988,14,4
C00468,17,468.68,27.569411764705883,29,1
C00469,3,79.0,26.333333333333332,270,0
C00470,13,545.54,41.964615384615385,186,1
C00471,2,95.02,47.51,1025,2
C00472,1,40.5,40.5,764,2
C00473,1,31.88,31.88,118,0
C00474,13,609.14,46.856923076923074,8,1
C00475,1,76.83,76.83,552,4
C00476,4,329.15,82.2875,10,4
C00477,3,150.49,50.163333333333334,366,4
C00478,6,197.95,32.99166666666667,109,0
C00479,6,98.26,16.37666666666667,267,0
C00480,3,133.03,44.343333333333334,348,4
C00481,3,57.68,19.226666666666667,200,0
C00482,4,70.79,17.6975,227,0
C00483,4,206.68,51.67,74,4
C00484,4,124.95,31.2375,13,0
C00485,2,70.33,35.165,280,0
C00486,12,156.56,13.046666666666667,30,1
C00487,4,29.5,7.375,521,2
C00488,3,49.18,16.393333333333334,166,0
C00489,5,177.59,35.518,126,0
C00490,5,175.23,35.046,286,0
C00491,5,259.1,51.82000000000001,111,4
C00492,4,124.91,31.2275,65,0
C00493,2,32.46,16.23,367,0
C00494,3,34.400000000000006,11.466666666666669,141,0
C00495,3,218.2,72.73333333333333,476,4
C00496,3,69.95,23.316666666666666,648,2
C00497,3,27.11,9.036666666666667,293,0
C00498,5,549.9200000000001,109.98400000000001,325,4
C00499,1,14.2,14.2,959,2
C00500,2,72.88,36.44,186,0
C00501,2,36.31,18.155,232,0
C00502,4,98.27000000000001,24.567500000000003,276,0
C00503,2,34.97,17.485,870,2
C00504,1,20.45,20.45,758,2
C00505,15,384.85,25.65666666666667,65,1
C00506,2,46.459999999999994,23.229999999999997,565,2
C00507,15,707.1800000000001,47.14533333333334,283,3
C00508,4,257.46,64.365,49,4
C00509,11,296.44,26.94909090909091,13,1
C00510,1,30.4,30.4,333,0
C00511,1,22.8,22.8,548,2
C00512,2,36.730000000000004,18.365000000000002,559,2
C00513,1,29.85,29.85,665,2
C00514,4,71.31,17.8275,455,0
C00515,6,130.15,21.691666666666666,35,0
C00516,2,65.85,32.925,173,0
C00517,3,152.85,50.949999999999996,65,4
C00518,12,126.16,10.513333333333334,34,1
C00519,4,64.97999999999999,16.244999999999997,448,0
C00520,4,71.43,17.8575,72,0
C00521,7,78.39,11.198571428571428,23,0
C00522,1,11.67,11.67,574,2
C00523,3,49.75,16.583333333333332,141,0
C00524,6,59.17,9.861666666666666,130,0
C00525,1,56.15,56.15,106,4
C00526,4,50.8,12.7,489,2
C00527,1,14.64,14.64,1047,2
C00528,3,51.82,17.273333333333333,271,0
C00529,5,223.6,44.72,527,4
C00530,1,50.75,50.75,131,0
C00531,3,62.75,20.916666666666668,57,0
C00532,2,24.74,12.37,29,0
C00533,3,10.780000000000001,3.5933333333333337,687,2
C00534,18,232.03,12.890555555555556,2,1
C00535,3,233.45999999999998,77.82,142,4
C00536,1,34.55,34.55,858,2
C00537,1,17.23,17.23,300,0
C00538,3,158.44,52.81333333333333,231,4
C00539,2,46.67,23.335,866,2
C00540,4,112.88,28.22,43,0
C00541,4,96.67,24.1675,278,0
C00542,4,555.41,138.8525,19,4
C00543,2,210.32999999999998,105.16499999999999,365,4
C00544,2,100.97,50.485,165,4
C00545,3,93.75999999999999,31.25333333333333,87,0
C00546,12,228.1,19.008333333333333,148,1
C00547,6,228.0,38.0,323,0
C00548,4,112.66,28.165,3,0
C00549,6,111.16,18.526666666666667,310,0
C00550,2,49.040000000000006,24.520000000000003,100,0
C00551,5,171.74,34.348,215,0
C00552,8,303.44,37.93,58,1
C00553,1,45.92,45.92,15,0
C00554,1,70.73,70.73,105,4
C00555,1,52.41,52.41,859,2
C00556,2,18.45,9.225,57,0
C00557,2,66.34,33.17,651,2
C00558,1,18.85,18.85,1071,2
C00559,3,120.48,40.160000000000004,439,2
C00560,3,88.41,29.47,348,0
C00561,3,164.26,54.75333333333333,896,2
C00562,1,27.26,27.26,606,2
C00563,1,24.86,24.86,498,2
C00564,4,86.72,21.68,376,0
C00565,1,30.56,30.56,270,0
C00566,4,91.98,22.995,23,0
C00567,3,74.12,24.706666666666667,206,0
C00568,3,64.65,21.55,48,0
C00569,1,25.51,25.51,130,0
C00570,1,65.12,65.12,703,2
C00571,6,254.46,42.410000000000004,163,4
C00572,5,383.84,76.768,73,4
C00573,3,52.95,17.650000000000002,662,2
C00574,4,213.35000000000002,53.337500000000006,116,4
C00575,3,84.7,28.233333333333334,109,0
C00576,2,27.310000000000002,13.655000000000001,879,2
C00577,1,54.98,54.98,498,2
C00578,5,74.59,14.918000000000001,141,0
C00579,5,160.22,32.044,67,0
C00580,2,36.69,18.345,286,0
C00581,2,101.72,50.86,5,4
C00582,2,79.79,39.895,562,2
C00583,3,146.28,48.76,258,4
C00584,2,112.31,56.155,618,2
C00585,3,91.62,30.540000000000003,385,0
C00586,7,313.96000000000004,44.85142857142858,174,4
C00587,3,39.34,13.113333333333335,85,0
C00588,2,54.07,27.035,48,0
C00589,1,9.63,9.63,453,2
C00590,12,186.87,15.5725,41,1
C00591,3,110.82,36.94,117,0
C00592,4,34.18,8.545,182,0
C00593,1,14.31,14.31,333,0
C00594,1,12.48,12.48,595,2
C00595,4,209.86,52.465,304,4
C00596,4,31.4,7.85,69,0
C00597,4,115.84,28.96,156,0
C00598,6,95.92,15.986666666666666,120,0
C00599,4,196.43,49.1075,129,4
C00600,4,106.49,26.6225,91,0
C00601,3,99.61,33.20333333333333,146,0
C00602,1,15.7,15.7,142,0
C00603,6,100.66000000000001,16.776666666666667,66,0
C00604,4,255.76,63.94,188,4
C00605,3,50.29,16.763333333333332,85,0
C00606,4,81.39,20.3475,314,0
C00607,14,236.18,16.87,12,1
C00608,2,114.88,57.44,307,4
C00609,15,343.19,22.87933333333333,128,1
C00610,4,130.35999999999999,32.589999999999996,601,2
C00611,1,6.87,6.87,109,0
C00612,2,55.550000000000004,27.775000000000002,282,0
C00613,5,388.79999999999995,77.75999999999999,93,4
C00614,3,41.47,13.823333333333332,849,2
C00615,8,181.28,22.66,323,0
C00616,2,62.120000000000005,31.060000000000002,119,0
C00617,5,65.45,13.09,26,0
C00618,10,410.0,41.0,34,1
C00619,1,73.14,73.14,347,4
C00620,2,34.92,17.46,10,0
C00621,3,102.57,34.19,598,2
C00622,1,23.71,23.71,205,0
C00623,5,77.0,15.4,82,0
C00624,2,48.25,24.125,659,2
C00625,2,81.13,40.565,93,0
C00626,1,13.22,13.22,315,0
C00627,5,154.04,30.808,264,0
C00628,4,116.85,29.2125,321,0
C00629,1,25.16,25.16,478,2
C00630,2,84.74000000000001,42.370000000000005,985,2
C00631,5,100.38,20.076,21,0
C00632,7,161.89,23.127142857142854,10,0
C00633,6,155.38,25.896666666666665,219,0
C00634,5,59.83,11.966,79,0
C00635,1,32.14,32.14,77,0
C00636,4,61.21,15.3025,69,0
C00637,6,273.64,45.60666666666666,203,4
C00638,4,103.5,25.875,262,0
C00639,8,195.74,24.4675,42,1
C00640,12,277.96,23.16333333333333,39,1
C00641,3,43.96,14.653333333333334,610,2
C00642,15,386.76,25.784,7,1
C00643,3,90.14,30.046666666666667,133,0
C00644,3,78.08,26.026666666666667,9,0
C00645,2,49.19,24.595,153,0
C00646,6,521.39,86.89833333333333,84,4
C00647,4,83.22,20.805,450,0
C00648,1,14.27,14.27,418,2
C00649,1,26.51,26.51,864,2
C00650,6,219.73,36.62166666666666,51,0
C00651,14,106.35000000000001,7.596428571428572,27,1
C00652,1,61.25,61.25,404,4
C00653,1,59.26,59.26,1041,2
C00654,1,30.02,30.02,632,2
C00655,4,97.18,24.295,47,0
C00656,1,20.64,20.64,348,0
C00657,5,200.07,40.013999999999996,12,0
C00658,3,43.09,14.363333333333335,520,2
C00659,1,9.91,9.91,419,0
C00660,1,14.94,14.94,161,0
C00661,1,8.95,8.95,37,0
C00662,2,193.39999999999998,96.69999999999999,60,4
C00663,4,123.97,30.9925,117,0
C00664,4,98.54,24.635,314,0
C00665,3,98.35,32.78333333333333,298,0
C00666,2,48.790000000000006,24.395000000000003,43,0
C00667,2,47.08,23.54,722,2
C00668,2,43.22,21.61,284,0
C00669,1,31.03,31.03,407,2
C00670,1,16.24,16.24,1086,2
C00671,6,215.94,35.99,271,0
C00672,2,78.38,39.19,272,0
C00673,4,158.26,39.565,38,0
C00674,7,273.45,39.06428571428571,128,4
C00675,7,111.1,15.87142857142857,166,0
C00676,5,265.08,53.016,108,4
C00677,2,29.14,14.57,581,2
C00678,1,19.73,19.73,83,0
C00679,2,48.67,24.335,254,0
C00680,1,23.42,23.42,763,2
C00681,1,9.42,9.42,230,0
C00682,3,40.08,13.36,527,2
C00683,7,104.52000000000001,14.931428571428572,301,0
C00684,3,85.61,28.536666666666665,6,0
C00685,5,87.5,17.5,31,0
C00686,17,609.26,35.83882352941176,175,1
C00687,3,67.99000000000001,22.663333333333338,623,2
C00688,12,382.99,31.915833333333335,198,1
C00689,3,80.21000000000001,26.736666666666668,226,0
C00690,6,74.38,12.396666666666667,291,0
C00691,7,410.72,58.674285714285716,12,4
C00692,2,19.01,9.505,606,2
C00693,5,134.91,26.982,13,0
C00694,1,24.83,24.83,740,2
C00695,4,59.870000000000005,14.967500000000001,7,0
C00696,1,28.45,28.45,92,0
C00697,3,27.88,9.293333333333333,119,0
C00698,3,59.59,19.863333333333333,271,0
C00699,1,68.87,68.87,765,2
C00700,2,26.78,13.39,563,2
C00701,4,75.12,18.78,126,0
C00702,5,56.95,11.39,101,0
C00703,15,183.76,12.250666666666666,149,1
C00704,4,132.34,33.085,529,2
C00705,3,219.72,73.24,535,4
C00706,3,144.86,48.28666666666667,665,2
C00707,3,31.81,10.603333333333333,230,0
C00708,11,204.92000000000002,18.62909090909091,154,1
C00709,2,58.37,29.185,934,2
C00710,1,13.26,13.26,1072,2
C00711,3,65.97,21.99,356,0
C00712,1,19.36,19.36,487,2
C00713,4,131.79999999999998,32.949999999999996,116,0
C00714,10,119.98,11.998000000000001,36,1
C00715,6,542.64,90.44,339,4
C00716,5,46.66,9.331999999999999,34,0
C00717,3,49.99,16.663333333333334,260,0
C00718,3,51.349999999999994,17.116666666666664,283,0
C00719,1,23.55,23.55,992,2
C00720,6,127.59,21.265,44,0
C00721,4,49.010000000000005,12.252500000000001,171,0
C00722,10,159.81,15.981,49,1
C00723,1,16.98,16.98,1051,2
C00724,4,62.04,15.51,296,0
C00725,2,23.92,11.96,1002,2
C00726,5,46.120000000000005,9.224,111,0
C00727,6,149.03,24.838333333333335,91,0
C00728,1,15.16,15.16,646,2
C00729,2,98.23,49.115,366,4
C00730,2,20.63,10.315,510,2
C00731,2,42.67,21.335,206,0
C00732,4,126.08,31.52,466,2
C00733,1,56.91,56.91,525,2
C00734,5,111.1,22.22,23,0
C00735,2,63.769999999999996,31.884999999999998,452,2
C00736,5,125.18,25.036,253,0
C00737,3,285.84000000000003,95.28000000000002,81,4
C00738,2,57.68,28.84,992,2
C00739,3,173.3,57.76666666666667,166,4
C00740,1,21.27,21.27,277,0
C00741,1,10.11,10.11,129,0
C00742,3,77.5,25.833333333333332,154,0
C00743,2,52.19,26.095,883,2
C00744,5,174.52,34.904,223,0
C00745,1,39.62,39.62,653,2
C00746,18,210.95,11.719444444444443,72,1
C00747,4,183.91,45.9775,367,4
C00748,2,24.32,12.16,217,0
C00749,12,351.74,29.311666666666667,7,1
C00750,2,35.54,17.77,9,0
C00751,3,155.4,51.800000000000004,232,4
C00752,2,56.730000000000004,28.365000000000002,335,0
C00753,4,63.22,15.805,372,0
C00754,4,65.8,16.45,439,0
C00755,3,57.75,19.25,347,0
C00756,5,59.019999999999996,11.803999999999998,158,0
C00757,2,28.65,14.325,329,0
C00758,15,481.23,32.082,22,1
C00759,1,9.44,9.44,454,2
C00760,3,162.09,54.03,480,4
C00761,5,108.81,21.762,128,0
C00762,12,275.86,22.988333333333333,234,1
C00763,1,68.43,68.43,653,4
C00764,5,64.6,12.919999999999998,21,0
C00765,1,59.39,59.39,421,4
C00766,4,144.93,36.2325,317,0
C00767,2,57.04,28.52,36,0
C00768,5,147.57,29.514,11,0
C00769,8,156.23,19.52875,45,0
C00770,2,80.82,40.41,168,0
C00771,1,28.96,28.96,557,2
C00772,13,187.26999999999998,14.405384615384614,37,1
C00773,3,66.41999999999999,22.139999999999997,106,0
C00774,4,161.66,40.415,122,0
C00775,4,97.69,24.4225,110,0
C00776,1,19.81,19.81,1088,2
C00777,1,42.7,42.7,138,0
C00778,6,81.98,13.663333333333334,88,0
C00779,2,34.46,17.23,157,0
C00780,3,104.86,34.95333333333333,74,0
C00781,7,424.06,60.58,55,4
C00782,1,18.34,18.34,832,2
C00783,5,64.44,12.888,180,0
C00784,1,14.85,14.85,994,2
C00785,2,51.54,25.77,771,2
C00786,4,29.55,7.3875,333,0
C00787,1,13.05,13.05,607,2
C00788,1,23.35,23.35,460,2
C00789,4,33.96,8.49,137,0
C00790,14,178.48000000000002,12.748571428571429,76,1
C00791,2,49.510000000000005,24.755000000000003,962,2
C00792,1,28.05,28.05,485,2
C00793,3,34.61,11.536666666666667,318,0
C00794,5,291.74,58.348,64,4
C00795,2,41.239999999999995,20.619999999999997,292,0
C00796,3,41.879999999999995,13.959999999999999,668,2
C00797,5,487.6,97.52000000000001,722,4
C00798,1,39.57,39.57,533,2
C00799,2,27.09,13.545,194,0
C00800,1,17.32,17.32,10,0
C00801,3,63.28,21.093333333333334,473,2
C00802,3,176.0,58.666666666666664,542,4
C00803,7,73.11,10.444285714285714,178,0
C00804,4,134.22,33.555,26,0
C00805,7,169.32999999999998,24.189999999999998,36,0
C00806,17,771.17,45.362941176470585,159,3
C00807,4,116.96,29.24,108,0
C00808,3,181.28,60.42666666666667,89,4
C00809,2,84.84,42.42,112,0
C00810,2,53.16,26.58,368,0
C00811,5,71.13,14.225999999999999,72,0
C00812,1,16.87,16.87,409,0
C00813,4,139.46,34.865,84,0
C00814,17,278.3,16.370588235294118,10,1
C00815,1,14.59,14.59,186,0
C00816,3,64.59,21.53,226,0
C00817,1,40.17,40.17,439,2
C00818,4,50.97,12.7425,114,0
C00819,5,75.17999999999999,15.035999999999998,135,0
C00820,4,81.30000000000001,20.325000000000003,5,0
C00821,4,119.4,29.85,420,0
C00822,7,51.029999999999994,7.289999999999999,239,0
C00823,1,32.32,32.32,770,2
C00824,4,64.92,16.23,364,0
C00825,1,7.14,7.14,39,0
C00826,2,148.46,74.23,559,4
C00827,12,606.7,50.55833333333334,175,1
C00828,3,37.64,12.546666666666667,810,2
C00829,4,67.52,16.88,375,0
C00830,2,63.14999999999999,31.574999999999996,374,0
C00831,4,76.67,19.1675,100,0
C00832,1,27.25,27.25,60,0
C00833,4,190.5,47.625,180,4
C00834,1,57.93,57.93,573,2
C00835,3,90.23,30.076666666666668,442,2
C00836,2,89.12,44.56,725,2
C00837,13,189.82,14.60153846153846,52,1
C00838,4,86.17,21.5425,46,0
C00839,6,224.36,37.39333333333334,13,0
C00840,16,297.11,18.569375,12,1
C00841,4,159.85000000000002,39.962500000000006,256,0
C00842,1,32.0,32.0,820,2
C00843,4,209.64,52.41,10,4
C00844,13,238.7,18.361538461538462,11,1
C00845,4,216.5,54.125,5,4
C00846,1,44.84,44.84,989,2
C00847,4,37.46,9.365,286,0
C00848,3,57.84,19.28,594,2
C00849,2,47.58,23.79,738,2
C00850,6,81.98,13.663333333333334,164,0
C00851,2,82.94,41.47,281,0
C00852,4,50.019999999999996,12.504999999999999,84,0
C00853,3,71.8,23.933333333333334,183,0
C00854,3,76.34,25.44666666666667,582,2
C00855,1,17.17,17.17,828,2
C00856,3,36.52,12.173333333333334,220,0
C00857,5,374.74,74.94800000000001,37,4
C00858,3,96.06,32.02,788,2
C00859,3,63.8,21.266666666666666,69,0
C00860,4,124.72999999999999,31.182499999999997,288,0
C00861,3,68.94,22.98,71,0
C00862,4,157.95,39.4875,54,0
C00863,4,78.31,19.5775,33,0
C00864,1,42.7,42.7,178,0
C00865,2,73.11,36.555,142,0
C00866,5,227.46,45.492000000000004,308,4
C00867,2,88.44,44.22,834,2
C00868,3,217.72,72.57333333333334,179,4
C00869,2,33.61,16.805,72,0
C00870,12,236.65,19.720833333333335,175,1
C00871,3,74.72,24.906666666666666,227,0
C00872,1,55.38,55.38,858,2
C00873,1,46.38,46.38,226,0
C00874,2,54.379999999999995,27.189999999999998,52,0
C00875,4,109.34,27.335,188,0
C00876,2,85.05,42.525,218,0
C00877,2,25.54,12.77,161,0
C00878,4,50.35,12.5875,44,0
C00879,2,36.32,18.16,147,0
C00880,1,27.95,27.95,171,0
C00881,5,127.86,25.572,105,0
C00882,4,159.57999999999998,39.894999999999996,155,0
C00883,3,11.77,3.9233333333333333,112,0
C00884,4,87.38,21.845,136,0
C00885,5,209.91,41.982,342,4
C00886,2,41.1,20.55,999,2
C00887,1,4.05,4.05,705,2
C00888,3,161.77,53.92333333333334,317,4
C00889,15,452.79999999999995,30.186666666666664,97,1
C00890,1,34.08,34.08,782,2
C00891,14,581.13,41.50928571428572,50,1
C00892,4,118.05000000000001,29.512500000000003,13,0
C00893,5,144.03,28.806,111,0
C00894,2,24.43,12.215,770,2
C00895,12,1038.79,86.56583333333333,51,3
C00896,2,43.33,21.665,696,2
C00897,4,222.76999999999998,55.692499999999995,38,4
C00898,2,111.71000000000001,55.855000000000004,30,4
C00899,3,40.12,13.373333333333333,17,0
C00900,11,191.78,17.434545454545454,276,1
C00901,6,119.1,19.849999999999998,184,0
C00902,1,90.58,90.58,840,4
C00903,1,57.11,57.11,694,2
C00904,22,1704.44,77.47454545454546,43,3
C00905,1,11.51,11.51,628,2
C00906,9,388.62,43.18,143,1
C00907,13,761.9399999999999,58.61076923076923,32,3
C00908,3,29.45,9.816666666666666,15,0
C00909,2,64.2,32.1,38,0
C00910,3,39.1,13.033333333333333,75,0
C00911,5,270.94,54.188,152,4
C00912,2,47.91,23.955,110,0
C00913,3,155.43,51.81,565,4
C00914,3,130.55,43.51666666666667,120,0
C00915,5,161.55,32.31,279,0
C00916,7,141.31,20.187142857142856,87,0
C00917,4,102.0,25.5,186,0
C00918,4,323.46,80.865,40,4
C00919,3,248.32,82.77333333333333,285,4
C00920,4,229.64,57.41,177,4
C00921,1,11.35,11.35,221,0
C00922,3,229.1,76.36666666666666,290,4
C00923,1,30.34,30.34,328,0
C00924,4,216.99,54.2475,499,4
C00925,1,34.5,34.5,586,2
C00926,13,468.38,36.02923076923077,101,1
C00927,2,76.53,38.265,413,2
C00928,15,396.53,26.435333333333332,40,1
C00929,3,104.18,34.72666666666667,841,2
C00930,3,153.65,51.21666666666667,542,4
C00931,4,60.95,15.2375,500,2
C00932,3,60.15,20.05,126,0
C00933,5,53.3,10.66,146,0
C00934,4,34.8,8.7,94,0
C00935,5,118.42,23.684,747,2
C00936,4,116.44,29.11,151,0
C00937,1,24.45,24.45,28,0
C00938,3,117.97,39.32333333333333,549,2
C00939,3,258.08,86.02666666666666,158,4
C00940,2,20.16,10.08,41,0
C00941,1,17.36,17.36,882,2
C00942,6,270.19,45.031666666666666,14,4
C00943,15,335.64,22.375999999999998,122,1
C00944,2,132.68,66.34,142,4
C00945,4,62.36,15.59,247,0
C00946,5,135.96,27.192,334,0
C00947,5,114.65,22.93,218,0
C00948,2,62.150000000000006,31.075000000000003,174,0
C00949,14,187.31,13.379285714285714,168,1
C00950,4,154.56,38.64,581,2
C00951,4,55.38,13.845,49,0
C00952,1,4.88,4.88,88,0
C00953,3,35.519999999999996,11.839999999999998,40,0
C00954,2,20.770000000000003,10.385000000000002,315,0
C00955,6,214.08,35.68,191,0
C00956,2,65.17,32.585,70,0
C00957,4,93.51,23.3775,19,0
C00958,2,19.96,9.98,204,0
C00959,4,227.51,56.8775,434,4
C00960,4,177.8,44.45,11,4
C00961,4,153.74,38.435,113,0
C00962,5,80.61,16.122,255,0
C00963,1,36.63,36.63,200,0
C00964,1,19.14,19.14,850,2
C00965,4,70.03999999999999,17.509999999999998,146,0
C00966,4,35.79,8.9475,21,0
C00967,3,153.48000000000002,51.160000000000004,177,4
C00968,4,58.85,14.7125,83,0
C00969,4,67.1,16.775,105,0
C00970,4,212.06,53.015,63,4
C00971,4,59.660000000000004,14.915000000000001,125,0
C00972,3,102.97999999999999,34.32666666666666,296,0
C00973,4,35.94,8.985,141,0
C00974,4,151.06,37.765,137,0
C00975,3,41.86,13.953333333333333,39,0
C00976,2,40.08,20.04,553,2
C00977,5,66.42,13.284,85,0
C00978,1,43.42,43.42,535,2
C00979,2,64.4,32.2,282,0
C00980,4,420.76,105.19,292,4
C00981,1,33.62,33.62,556,2
C00982,6,35.05,5.841666666666666,235,0
C00983,2,47.769999999999996,23.884999999999998,464,2
C00984,4,186.86,46.715,89,4
C00985,2,67.49,33.745,232,0
C00986,5,45.47,9.094,178,0
C00987,1,51.28,51.28,608,2
C00988,1,41.46,41.46,527,2
C00989,5,266.58,53.315999999999995,47,4
C00990,2,100.25999999999999,50.129999999999995,380,4
C00991,11,254.54,23.14,85,1
C00992,3,153.73,51.24333333333333,107,4
C00993,1,41.23,41.23,811,2
C00994,2,34.53,17.265,439,2
C00995,16,281.12,17.57,225,1
C00996,3,61.18,20.393333333333334,334,0
C00997,2,115.61,57.805,365,4
C00998,5,208.85,41.769999999999996,588,2
C00999,2,98.25999999999999,49.129999999999995,3,4
C01000,15,696.9300000000001,46.462,98,3
C01001,6,53.86,8.976666666666667,156,0
C01002,4,185.17000000000002,46.292500000000004,108,4
C01003,4,205.88,51.47,78,4
C01004,1,9.72,9.72,614,2
C01005,6,80.77,13.461666666666666,112,0
C01006,2,21.15,10.575,137,0
C01007,1,71.15,71.15,151,4
C01008,7,83.77,11.967142857142857,149,0
C01009,3,120.6,40.199999999999996,338,0
C01010,1,17.83,17.83,1003,2
C01011,2,71.13,35.565,562,2
C01012,3,97.33,32.443333333333335,709,2
C01013,2,42.760000000000005,21.380000000000003,136,0
C01014,9,184.64000000000001,20.515555555555558,318,1
C01015,3,97.15,32.38333333333333,323,0
C01016,3,26.82,8.94,700,2
C01017,3,101.17,33.723333333333336,75,0
C01018,2,68.14,34.07,247,0
C01019,5,195.11,39.022000000000006,191,0
C01020,2,36.37,18.185,31,0
C01021,4,153.38,38.345,415,0
C01022,3,143.51,47.836666666666666,173,4
C01023,1,9.27,9.27,175,0
C01024,1,7.36,7.36,71,0
C01025,4,150.61,37.6525,137,0
C01026,4,440.56,110.14,32,4
C01027,6,117.28,19.546666666666667,59,0
C01028,2,59.86,29.93,74,0
C01029,3,141.14,47.04666666666666,133,4
C01030,6,135.2,22.53333333333333,182,0
C01031,3,94.71,31.569999999999997,255,0
C01032,2,66.6,33.3,295,0
C01033,1,24.82,24.82,678,2
C01034,1,31.57,31.57,549,2
C01035,12,347.46000000000004,28.955000000000002,62,1
C01036,7,217.45,31.064285714285713,107,0
C01037,14,504.04,36.002857142857145,115,1
C01038,4,107.92,26.98,34,0
C01039,12,341.26,28.438333333333333,78,1
C01040,7,277.21,39.60142857142857,122,4
C01041,2,34.370000000000005,17.185000000000002,609,2
C01042,3,106.51,35.50333333333334,194,0
C01043,2,46.97,23.485,289,0
C01044,4,110.97999999999999,27.744999999999997,235,0
C01045,2,38.12,19.06,324,0
C01046,5,178.54,35.708,158,0
C01047,1,15.57,15.57,824,2
C01048,4,178.49,44.6225,57,4
C01049,1,26.56,26.56,369,0
C01050,3,69.5,23.166666666666668,317,0
C01051,2,82.00999999999999,41.004999999999995,21,0
C01052,12,616.62,51.385,39,1
C01053,2,30.11,15.055,275,0
C01054,4,116.0,29.0,21,0
C01055,1,49.04,49.04,1037,2
C01056,2,55.53,27.765,550,2
C01057,3,46.519999999999996,15.506666666666666,308,0
C01058,2,21.490000000000002,10.745000000000001,61,0
C01059,2,67.22,33.61,480,2
C01060,4,310.84,77.71,173,4
C01061,3,125.32,41.77333333333333,88,0
C01062,1,41.38,41.38,288,0
C01063,12,189.24,15.770000000000001,157,1
C01064,3,30.06,10.02,44,0
C01065,5,271.97,54.394000000000005,111,4
C01066,3,72.36,24.12,528,2
C01067,5,94.55,18.91,224,0
C01068,4,235.53,58.8825,207,4
C01069,2,41.8,20.9,9,0
C01070,3,84.79,28.263333333333335,112,0
C01071,1,19.07,19.07,721,2
C01072,3,63.35,21.116666666666667,320,0
C01073,1,100.66,100.66,845,4
C01074,2,72.46000000000001,36.230000000000004,272,0
C01075,3,80.72,26.906666666666666,604,2
C01076,1,34.48,34.48,730,2
C01077,1,21.45,21.45,233,0
C01078,2,82.78,41.39,454,2
C01079,2,18.95,9.475,359,0
C01080,1,33.33,33.33,675,2
C01081,1,22.19,22.19,559,2
C01082,11,238.06,21.64181818181818,65,1
C01083,7,146.35,20.907142857142855,265,0
C01084,1,26.97,26.97,1083,2
C01085,2,17.07,8.535,458,2
C01086,4,110.56,27.64,175,0
C01087,2,20.03,10.015,635,2
C01088,3,125.16,41.72,480,2
C01089,6,145.69,24.281666666666666,35,0
C01090,3,51.41,17.136666666666667,503,2
C01091,1,6.85,6.85,937,2
C01092,13,373.2,28.707692307692305,61,1
C01093,1,96.44,96.44,323,4
C01094,5,155.56,31.112000000000002,346,0
C01095,1,34.8,34.8,934,2
C01096,5,87.91,17.582,592,2
C01097,4,45.06,11.265,45,0
C01098,3,62.6,20.866666666666667,497,2
C01099,6,198.11,33.01833333333334,6,0
C01100,5,66.73,13.346,406,0
C01101,2,71.21000000000001,35.605000000000004,92,0
C01102,1,34.12,34.12,847,2
C01103,2,135.75,67.875,219,4
C01104,25,753.27,30.1308,27,3
C01105,7,164.55,23.50714285714286,1,0
C01106,3,98.61,32.87,405,0
C01107,2,36.57,18.285,211,0
C01108,1,14.29,14.29,571,2
C01109,12,358.9,29.90833333333333,26,1
C01110,1,24.38,24.38,438,2
C01111,7,209.35,29.907142857142855,46,0
C01112,1,42.37,42.37,351,0
C01113,5,200.06,40.012,357,4
C01114,1,6.99,6.99,1027,2
C01115,3,218.44,72.81333333333333,455,4
C01116,1,23.08,23.08,684,2
C01117,5,127.08,25.416,498,2
C01118,1,27.96,27.96,433,2
C01119,3,133.63,44.54333333333333,538,2
C01120,4,152.03,38.0075,344,0
C01121,2,18.689999999999998,9.344999999999999,397,0
C01122,2,145.17000000000002,72.58500000000001,463,4
C01123,4,194.95999999999998,48.739999999999995,734,2
C01124,1,27.18,27.18,970,2
C01125,2,90.02,45.01,875,2
C01126,3,82.78,27.593333333333334,163,0
C01127,4,156.62,39.155,311,0
C01128,2,58.29,29.145,16,0
C01129,3,52.82,17.606666666666666,296,0
C01130,12,104.7,8.725,7,1
C01131,1,50.94,50.94,424,2
C01132,13,211.75,16.28846153846154,127,1
C01133,3,94.95,31.650000000000002,391,0
C01134,4,164.79000000000002,41.197500000000005,22,0
C01135,3,138.74,46.24666666666667,222,4
C01136,2,46.69,23.345,876,2
C01137,1,38.96,38.96,291,0
C01138,3,135.26999999999998,45.089999999999996,130,0
C01139,4,209.03,52.2575,153,4
C01140,2,112.80000000000001,56.400000000000006,195,4
C01141,6,104.2,17.366666666666667,432,0
C01142,2,73.29,36.645,811,2
C01143,5,123.39,24.678,206,0
C01144,1,36.55,36.55,628,2
C01145,1,54.15,54.15,345,4
C01146,1,13.74,13.74,509,2
C01147,7,108.65,15.521428571428572,111,0
C01148,3,117.68,39.22666666666667,636,2
C01149,15,416.96,27.79733333333333,21,1
C01150,6,116.53999999999999,19.423333333333332,328,0
C01151,3,64.61,21.536666666666665,146,0
C01152,16,270.32,16.895,9,1
C01153,2,34.78,17.39,6,0
C01154,1,34.61,34.61,523,2
C01155,6,268.27,44.711666666666666,396,4
C01156,6,168.43,28.07166666666667,193,0
C01157,4,85.46000000000001,21.365000000000002,63,0
C01158,1,20.58,20.58,282,0
C01159,4,129.3,32.325,186,0
C01160,3,73.28,24.426666666666666,33,0
C01161,1,16.3,16.3,69,0
C01162,3,115.81,38.60333333333333,76,0
C01163,10,209.79,20.979,98,1
C01164,2,34.53,17.265,60,0
C01165,5,136.72,27.344,212,0
C01166,5,445.53000000000003,89.10600000000001,47,4
C01167,14,388.88,27.777142857142856,13,1
C01168,18,230.06,12.78111111111111,11,1
C01169,4,115.5,28.875,18,0
C01170,1,169.02,169.02,231,4
C01171,3,69.92999999999999,23.31,335,0
C01172,1,24.22,24.22,302,0
C01173,1,51.65,51.65,865,2
C01174,5,144.46,28.892000000000003,509,2
C01175,7,88.74,12.677142857142856,225,0
C01176,5,235.03,47.006,43,4
C01177,5,128.65,25.73,91,0
C01178,5,395.32,79.064,262,4
C01179,3,27.77,9.256666666666666,39,0
C01180,7,128.99,18.427142857142858,175,0
C01181,3,57.769999999999996,19.256666666666664,457,2
C01182,2,43.3,21.65,750,2
C01183,2,51.22,25.61,18,0
C01184,4,23.69,5.9225,178,0
C01185,14,294.78,21.055714285714284,70,1
C01186,3,82.8,27.599999999999998,24,0
C01187,1,34.83,34.83,82,0
C01188,5,109.37,21.874000000000002,147,0
C01189,1,18.02,18.02,197,0
C01190,4,132.51999999999998,33.129999999999995,567,2
C01191,3,94.13,31.376666666666665,507,2
C01192,1,50.68,50.68,483,2
C01193,2,60.16,30.08,209,0
C01194,4,111.61,27.9025,138,0
C01195,1,87.5,87.5,442,4
C01196,14,858.09,61.292142857142856,2,3
C01197,8,182.88,22.86,40,1
C01198,2,222.53,111.265,212,4
C01199,2,14.49,7.245,629,2
C01200,2,35.14,17.57,875,2
C01201,3,137.11,45.70333333333334,40,0
C01202,1,11.44,11.44,351,0
C01203,4,110.03,27.5075,63,0
C01204,2,22.09,11.045,242,0
C01205,1,37.96,37.96,1075,2
C01206,6,127.77,21.294999999999998,223,0
C01207,2,44.010000000000005,22.005000000000003,775,2
C01208,5,136.63,27.326,45,0
C01209,4,89.58,22.395,27,0
C01210,5,96.83,19.366,125,0
C01211,1,40.84,40.84,302,0
C01212,8,137.54,17.1925,59,0
C01213,3,167.47,55.82333333333333,123,4
C01214,4,95.78,23.945,69,0
C01215,13,231.39,17.799230769230768,201,1
C01216,4,88.32,22.08,485,2
C01217,3,59.18,19.726666666666667,284,0
C01218,4,195.62,48.905,240,4
C01219,1,10.6,10.6,962,2
C01220,5,67.24000000000001,13.448000000000002,171,0
C01221,2,20.979999999999997,10.489999999999998,100,0
C01222,2,52.46,26.23,605,2
C01223,3,119.54999999999998,39.849999999999994,16,0
C01224,2,33.31,16.655,71,0
C01225,3,105.77,35.25666666666667,707,2
C01226,10,578.89,57.888999999999996,23,1
C01227,5,112.81,22.562,156,0
C01228,3,42.300000000000004,14.100000000000001,718,2
C01229,4,134.65,33.6625,55,0
C01230,2,86.72,43.36,35,0
C01231,4,76.61,19.1525,16,0
C01232,1,35.01,35.01,664,2
C01233,1,13.0,13.0,941,2
C01234,5,76.75,15.35,67,0
C01235,2,30.09,15.045,1025,2
C01236,1,32.62,32.62,107,0
C01237,4,127.67,31.9175,43,0
C01238,2,25.81,12.905,62,0
C01239,5,118.11,23.622,238,0
C01240,3,79.21,26.403333333333332,344,0
C01241,3,36.51,12.17,199,0
C01242,7,79.9,11.414285714285715,263,0
C01243,11,133.25,12.113636363636363,34,1
C01244,2,18.759999999999998,9.379999999999999,141,0
C01245,4,201.49,50.3725,28,4
C01246,3,72.28,24.093333333333334,33,0
C01247,4,264.94,66.235,93,4
C01248,7,83.37,11.91,4,0
C01249,17,243.89,14.346470588235293,21,1
C01250,4,144.36,36.09,263,0
C01251,7,163.78,23.397142857142857,53,0
C01252,1,23.95,23.95,53,0
C01253,4,218.82,54.705,187,4
C01254,14,377.37,26.955000000000002,35,1
C01255,4,234.76,58.69,210,4
C01256,3,171.26,57.086666666666666,147,4
C01257,4,59.160000000000004,14.790000000000001,72,0
C01258,3,97.11,32.37,73,0
C01259,5,131.79,26.357999999999997,183,0
C01260,1,42.94,42.94,709,2
C01261,3,53.879999999999995,17.959999999999997,713,2
C01262,21,1198.03,57.04904761904762,88,3
C01263,2,22.66,11.33,347,0
C01264,4,99.16,24.79,66,0
C01265,1,70.89,70.89,871,2
C01266,1,14.94,14.94,338,0
C01267,6,173.48000000000002,28.913333333333338,96,0
C01268,5,138.51,27.701999999999998,176,0
C01269,11,1100.98,100.08909090909091,497,3
C01270,1,9.89,9.89,996,2
C01271,2,96.86,48.43,405,4
C01272,4,117.23,29.3075,172,0
C01273,3,97.23,32.410000000000004,153,0
C01274,1,33.77,33.77,182,0
C01275,3,56.370000000000005,18.790000000000003,208,0
C01276,4,114.31,28.5775,451,0
C01277,2,37.91,18.955,129,0
C01278,1,29.99,29.99,1028,2
C01279,2,77.30000000000001,38.650000000000006,98,0
C01280,5,114.18,22.836000000000002,17,0
C01281,14,370.73,26.48071428571429,41,1
C01282,3,300.53000000000003,100.17666666666668,276,4
C01283,4,33.71,8.4275,8,0
C01284,3,60.790000000000006,20.263333333333335,449,2
C01285,2,77.16999999999999,38.584999999999994,186,0
C01286,1,45.53,45.53,750,2
C01287,5,171.02,34.204,293,0
C01288,10,101.29,10.129000000000001,97,1
C01289,4,145.56,36.39,16,0
C01290,3,92.71000000000001,30.903333333333336,108,0
C01291,1,25.27,25.27,132,0
C01292,3,61.08,20.36,294,0
C01293,10,79.19,7.919,89,1
C01294,4,122.25999999999999,30.564999999999998,324,0
C01295,3,235.77,78.59,65,4
C01296,3,64.36,21.453333333333333,90,0
C01297,2,81.57,40.785,147,0
C01298,3,45.21,15.07,330,0
C01299,2,71.27,35.635,95,0
C01300,7,183.52,26.217142857142857,93,0
C01301,1,80.56,80.56,45,4
C01302,1,22.27,22.27,108,0
C01303,1,5.59,5.59,634,2
C01304,5,293.08,58.616,7,4
C01305,4,220.95,55.2375,391,4
C01306,4,68.98,17.245,215,0
C01307,1,24.03,24.03,264,0
C01308,5,92.18,18.436,382,0
C01309,3,29.3,9.766666666666667,465,2
C01310,2,220.22000000000003,110.11000000000001,372,4
C01311,4,40.11,10.0275,9,0
C01312,3,60.07,20.023333333333333,138,0
C01313,4,114.3,28.575,275,0
C01314,2,62.75,31.375,93,0
C01315,8,229.55,28.69375,167,1
C01316,12,156.15,13.012500000000001,194,1
C01317,3,202.19,67.39666666666666,67,4
C01318,2,19.61,9.805,500,2
C01319,1,19.68,19.68,134,0
C01320,3,38.6,12.866666666666667,151,0
C01321,3,42.4,14.133333333333333,411,0
C01322,14,100.36,7.168571428571428,50,1
C01323,1,22.21,22.21,357,0
C01324,1,20.01,20.01,671,2
C01325,3,109.84,36.61333333333334,112,0
C01326,8,198.24,24.78,51,1
C01327,2,57.95,28.975,745,2
C01328,1,55.85,55.85,537,2
C01329,12,181.4,15.116666666666667,173,1
C01330,3,99.13,33.04333333333333,254,0
C01331,3,86.45,28.816666666666666,200,0
C01332,1,26.66,26.66,974,2
C01333,3,43.64,14.546666666666667,93,0
C01334,7,267.73,38.24714285714286,218,4
C01335,3,89.25,29.75,367,0
C01336,1,27.59,27.59,651,2
C01337,4,83.14,20.785,233,0
C01338,16,234.27,14.641875,14,1
C01339,4,141.13,35.2825,65,0
C01340,2,33.14,16.57,248,0
C01341,5,89.89,17.978,20,0
C01342,3,191.32999999999998,63.776666666666664,35,4
C01343,15,342.90999999999997,22.860666666666663,47,1
C01344,3,83.36999999999999,27.789999999999996,268,0
C01345,2,117.98,58.99,323,4
C01346,1,30.34,30.34,812,2
C01347,1,8.09,8.09,526,2
C01348,7,158.59,22.655714285714286,129,0
C01349,1,13.19,13.19,765,2
C01350,1,3.12,3.12,227,0
C01351,5,302.73,60.54600000000001,64,4
C01352,10,94.53999999999999,9.453999999999999,30,1
C01353,4,118.39000000000001,29.597500000000004,211,0
C01354,2,42.55,21.275,230,0
C01355,1,40.05,40.05,776,2
C01356,6,93.62,15.603333333333333,54,0
C01357,8,334.56,41.82,14,1
C01358,5,71.1,14.219999999999999,460,0
C01359,3,107.09,35.696666666666665,275,0
C01360,4,240.56,60.14,110,4
C01361,1,12.83,12.83,1046,2
C01362,4,44.18,11.045,172,0
C01363,1,12.83,12.83,358,0
C01364,3,155.18,51.72666666666667,144,4
C01365,1,25.52,25.52,764,2
C01366,4,123.2,30.8,521,2
C01367,1,13.64,13.64,1047,2
C01368,13,280.61,21.585384615384616,4,1
C01369,1,16.17,16.17,1026,2
C01370,7,121.13,17.304285714285715,133,0
C01371,3,205.10000000000002,68.36666666666667,252,4
C01372,3,82.59,27.53,237,0
C01373,2,32.4,16.2,310,0
C01374,3,76.62,25.540000000000003,78,0
C01375,2,152.2,76.1,209,4
C01376,3,56.05,18.683333333333334,413,0
C01377,7,177.68,25.382857142857144,57,0
C01378,3,155.4,51.800000000000004,585,2
C01379,11,574.01,52.18272727272727,108,1
C01380,10,235.1,23.509999999999998,84,1
C01381,3,93.67999999999999,31.226666666666663,386,0
C01382,4,137.63,34.4075,8,0
C01383,3,62.41,20.80333333333333,283,0
C01384,2,55.6,27.8,437,2
C01385,4,75.75,18.9375,76,0
C01386,18,433.19,24.066111111111113,65,1
C01387,4,46.120000000000005,11.530000000000001,664,2
C01388,1,21.97,21.97,631,2
C01389,4,165.82,41.455,66,0
C01390,14,328.78,23.48428571428571,69,1
C01391,3,52.03,17.343333333333334,100,0
C01392,2,288.83000000000004,144.41500000000002,359,4
C01393,1,28.94,28.94,23,0
C01394,2,14.33,7.165,43,0
C01395,2,22.33,11.165,209,0
C01396,3,153.1,51.03333333333333,37,4
C01397,3,168.4,56.13333333333333,114,4
C01398,1,32.58,32.58,413,2
C01399,7,167.35,23.907142857142855,75,0
C01400,2,85.38,42.69,85,0
C01401,2,45.79,22.895,153,0
C01402,2,73.25,36.625,693,2
C01403,4,110.22,27.555,471,2
C01404,1,8.58,8.58,243,0
C01405,3,44.52,14.840000000000002,622,2
C01406,16,539.3100000000001,33.706875000000004,130,1
C01407,2,87.43,43.715,741,2
C01408,4,52.54,13.135,243,0
C01409,3,42.0,14.0,281,0
C01410,2,78.6,39.3,162,0
C01411,5,166.99,33.398,21,0
C01412,6,312.44,52.07333333333333,50,4
C01413,4,380.95000000000005,95.23750000000001,270,4
C01414,4,222.61,55.6525,322,4
C01415,17,1268.62,74.62470588235294,25,3
C01416,3,71.63,23.876666666666665,31,0
C01417,1,37.72,37.72,509,2
C01418,6,106.2,17.7,118,0
C01419,4,184.71,46.1775,49,4
C01420,3,85.19,28.396666666666665,45,0
C01421,4,298.74,74.685,673,4
C01422,4,68.44,17.11,481,2
C01423,5,409.56,81.912,33,4
C01424,2,87.1,43.55,289,0
C01425,4,121.15,30.2875,451,0
C01426,2,56.08,28.04,886,2
C01427,6,130.1,21.683333333333334,43,0
C01428,4,46.47,11.6175,269,0
C01429,9,390.03,43.336666666666666,59,1
C01430,4,111.04,27.76,330,0
C01431,1,14.09,14.09,232,0
C01432,1,90.86,90.86,834,4
C01433,1,9.23,9.23,438,2
C01434,1,16.7,16.7,723,2
C01435,2,50.17,25.085,271,0
C01436,2,46.95,23.475,328,0
C01437,11,184.34,16.758181818181818,104,1
C01438,1,7.2,7.2,60,0
C01439,11,169.97,15.451818181818181,106,1
C01440,2,50.82,25.41,250,0
C01441,2,72.61,36.305,145,0
C01442,1,11.0,11.0,363,0
C01443,3,29.43,9.81,137,0
C01444,14,252.3,18.021428571428572,26,1
C01445,4,189.53,47.3825,31,4
C01446,3,106.56,35.52,417,0
C01447,5,213.93,42.786,333,4
C01448,3,114.0,38.0,712,2
C01449,2,127.98,63.99,160,4
C01450,4,121.36000000000001,30.340000000000003,60,0
C01451,1,39.61,39.61,232,0
C01452,10,333.6,33.36,35,1
C01453,2,53.739999999999995,26.869999999999997,637,2
C01454,3,161.93,53.97666666666667,446,4
C01455,2,75.98,37.99,475,2
C01456,3,88.94,29.646666666666665,99,0
C01457,6,316.94,52.82333333333333,81,4
C01458,2,21.310000000000002,10.655000000000001,954,2
C01459,5,26.77,5.354,176,0
C01460,1,12.45,12.45,909,2
C01461,4,230.77999999999997,57.69499999999999,209,4
C01462,1,23.65,23.65,236,0
C01463,7,317.46,45.35142857142857,129,4
C01464,1,10.28,10.28,1018,2
C01465,3,350.81,116.93666666666667,440,4
C01466,3,88.32000000000001,29.44,280,0
C01467,2,22.32,11.16,306,0
C01468,1,65.89,65.89,870,2
C01469,2,34.78,17.39,456,2
C01470,12,655.14,54.595,152,3
C01471,1,55.01,55.01,190,4
C01472,6,128.61,21.435000000000002,174,0
C01473,6,92.68,15.446666666666667,42,0
C01474,2,29.42,14.71,297,0
C01475,3,160.59,53.53,305,4
C01476,4,230.5,57.625,87,4
C01477,9,156.29000000000002,17.36555555555556,391,1
C01478,1,5.72,5.72,857,2
C01479,5,96.49000000000001,19.298000000000002,90,0
C01480,4,120.64,30.16,150,0
C01481,4,36.83,9.2075,15,0
C01482,5,76.75,15.35,224,0
C01483,6,181.79000000000002,30.298333333333336,139,0
C01484,2,53.269999999999996,26.634999999999998,100,0
C01485,6,161.73,26.955,130,0
C01486,4,65.17,16.2925,59,0
C01487,15,245.56,16.37066666666667,11,1
C01488,1,46.01,46.01,726,2
C01489,5,175.82,35.164,89,0
C01490,4,56.03,14.0075,59,0
C01491,3,56.07,18.69,658,2
C01492,14,470.49,33.60642857142857,39,1
C01493,4,128.89,32.2225,29,0
C01494,15,201.36,13.424000000000001,40,1
C01495,4,140.93,35.2325,170,0
C01496,3,144.05,48.01666666666667,328,4
C01497,2,88.41,44.205,180,0
C01498,1,28.08,28.08,487,2
C01499,4,145.81,36.4525,185,0
C01500,1,31.41,31.41,833,2
C01501,2,65.97999999999999,32.989999999999995,869,2
C01502,5,166.67000000000002,33.334,79,0
C01503,4,53.47,13.3675,284,0
C01504,15,165.24,11.016,45,1
C01505,4,75.91,18.9775,147,0
C01506,3,198.5,66.16666666666667,491,4
C01507,16,327.71,20.481875,65,1
C01508,1,5.08,5.08,578,2
C01509,2,53.879999999999995,26.939999999999998,130,0
C01510,2,51.69,25.845,39,0
C01511,1,21.93,21.93,638,2
C01512,2,70.05,35.025,19,0
C01513,3,62.010000000000005,20.67,146,0
C01514,2,42.1,21.05,637,2
C01515,1,50.38,50.38,983,2
C01516,3,59.190000000000005,19.73,326,0
C01517,5,106.92,21.384,39,0
C01518,15,1148.94,76.596,61,3
C01519,2,43.910000000000004,21.955000000000002,785,2
C01520,4,119.52,29.88,401,0
C01521,3,64.11,21.37,756,2
C01522,4,98.97,24.7425,285,0
C01523,4,36.03,9.0075,511,2
C01524,2,61.2,30.6,692,2
C01525,4,153.17000000000002,38.292500000000004,231,0
C01526,2,61.5,30.75,253,0
C01527,2,55.47,27.735,494,2
C01528,4,45.49,11.3725,409,0
C01529,2,59.25,29.625,102,0
C01530,3,75.77,25.256666666666664,561,2
C01531,6,399.85,66.64166666666667,48,4
C01532,1,8.11,8.11,563,2
C01533,4,105.1,26.275,288,0
C01534,1,28.45,28.45,387,0
C01535,4,129.49,32.3725,431,0
C01536,2,53.79,26.895,155,0
C01537,5,94.86,18.972,164,0
C01538,5,51.97,10.394,139,0
C01539,2,51.010000000000005,25.505000000000003,325,0
C01540,17,180.9,10.641176470588235,59,1
C01541,6,162.65,27.108333333333334,349,0
C01542,2,22.21,11.105,74,0
C01543,6,185.81,30.968333333333334,189,0
C01544,1,52.95,52.95,592,2
C01545,3,314.73,104.91000000000001,577,4
C01546,5,210.18,42.036,474,4
C01547,2,63.3,31.65,237,0
C01548,5,93.12,18.624000000000002,8,0
C01549,5,94.74,18.948,134,0
C01550,15,364.59999999999997,24.306666666666665,51,1
C01551,4,95.73,23.9325,160,0
C01552,13,289.88,22.298461538461538,94,1
C01553,5,253.01999999999998,50.604,111,4
C01554,1,84.48,84.48,134,4
C01555,18,887.04,49.28,82,3
C01556,5,92.58,18.516,13,0
C01557,3,86.26,28.753333333333334,199,0
C01558,5,71.53,14.306000000000001,205,0
C01559,4,31.979999999999997,7.994999999999999,471,0
C01560,9,374.22999999999996,41.581111111111106,232,1
C01561,1,19.12,19.12,445,2
C01562,3,87.38,29.126666666666665,247,0
C01563,8,266.27,33.28375,236,1
C01564,3,62.85,20.95,62,0
C01565,4,92.56,23.14,177,0
C01566,3,198.03,66.01,850,2
C01567,2,21.66,10.83,158,0
C01568,5,185.07,37.013999999999996,81,0
C01569,1,13.5,13.5,567,2
C01570,1,20.51,20.51,157,0
C01571,2,129.51999999999998,64.75999999999999,620,4
C01572,5,345.82,69.164,205,4
C01573,6,284.34,47.38999999999999,101,4
C01574,6,123.5,20.583333333333332,154,0
C01575,11,262.34,23.849090909090908,63,1
C01576,6,581.74,96.95666666666666,18,4
C01577,4,134.6,33.65,228,0
C01578,5,330.77,66.154,78,4
C01579,4,85.66999999999999,21.417499999999997,13,0
C01580,2,61.67,30.835,373,0
C01581,1,42.63,42.63,426,2
C01582,7,146.13,20.875714285714285,304,0
C01583,1,31.16,31.16,373,0
C01584,4,176.67,44.1675,175,4
C01585,5,209.95,41.989999999999995,201,4
C01586,6,194.89,32.48166666666666,11,0
C01587,3,97.81,32.60333333333333,465,2
C01588,15,1473.97,98.26466666666667,217,3
C01589,4,93.5,23.375,461,0
C01590,4,55.39,13.8475,156,0
C01591,3,41.6,13.866666666666667,326,0
C01592,5,150.97,30.194,384,0
C01593,2,54.36,27.18,731,2
C01594,4,178.0,44.5,196,4
C01595,5,256.32,51.263999999999996,55,4
C01596,2,38.12,19.06,588,2
C01597,3,145.75,48.583333333333336,170,4
C01598,1,51.7,51.7,393,4
C01599,3,184.43,61.47666666666667,254,4
C01600,3,50.41,16.80333333333333,495,2
C01601,2,34.89,17.445,281,0
C01602,2,75.33,37.665,762,2
C01603,3,131.42,43.806666666666665,6,0
C01604,2,59.06,29.53,763,2
C01605,5,204.69,40.938,225,4
C01606,1,75.21,75.21,650,4
C01607,3,56.760000000000005,18.92,34,0
C01608,2,30.549999999999997,15.274999999999999,402,0
C01609,5,178.26,35.652,357,0
C01610,2,51.71,25.855,339,0
C01611,15,697.72,46.51466666666667,85,3
C01612,6,72.9,12.15,23,0
C01613,3,58.82,19.606666666666666,144,0
C01614,2,30.71,15.355,350,0
C01615,1,7.56,7.56,1069,2
C01616,4,75.94,18.985,511,2
C01617,4,148.49,37.1225,18,0
C01618,4,145.18,36.295,83,0
C01619,4,156.29000000000002,39.072500000000005,14,0
C01620,1,6.45,6.45,273,0
C01621,5,47.0,9.4,33,0
C01622,1,22.78,22.78,271,0
C01623,1,32.01,32.01,940,2
C01624,3,87.97,29.323333333333334,388,0
C01625,1,60.49,60.49,362,4
C01626,1,40.85,40.85,492,2
C01627,9,301.65999999999997,33.51777777777777,193,1
C01628,1,23.54,23.54,651,2
C01629,4,147.15,36.7875,117,0
C01630,4,99.61,24.9025,166,0
C01631,4,227.09,56.7725,142,4
C01632,3,95.43,31.810000000000002,443,2
C01633,9,185.54,20.615555555555556,66,1
C01634,3,112.34,37.446666666666665,802,2
C01635,7,98.39,14.055714285714286,312,0
C01636,4,32.38,8.095,105,0
C01637,7,202.49,28.927142857142858,91,0
C01638,3,104.22999999999999,34.74333333333333,423,0
C01639,3,30.169999999999998,10.056666666666667,509,2
C01640,1,24.85,24.85,1022,2
C01641,13,253.44,19.495384615384616,85,1
C01642,16,493.46000000000004,30.841250000000002,24,1
C01643,7,289.15,41.30714285714286,51,4
C01644,5,179.32,35.864,49,0
C01645,5,213.74,42.748000000000005,204,4
C01646,4,94.24000000000001,23.560000000000002,208,0
C01647,5,164.6,32.92,19,0
C01648,6,90.83,15.138333333333334,273,0
C01649,4,65.59,16.3975,137,0
C01650,7,62.45,8.921428571428573,103,0
C01651,9,410.41999999999996,45.60222222222222,52,1
C01652,4,94.19999999999999,23.549999999999997,226,0
C01653,1,14.78,14.78,861,2
C01654,4,105.61999999999999,26.404999999999998,685,2
C01655,2,22.64,11.32,215,0
C01656,3,164.49,54.830000000000005,434,4
C01657,3,24.92,8.306666666666667,130,0
C01658,3,51.42,17.14,281,0
C01659,12,402.6,33.550000000000004,65,1
C01660,4,118.13,29.5325,243,0
C01661,2,77.22,38.61,1012,2
C01662,6,210.01999999999998,35.00333333333333,369,0
C01663,2,54.120000000000005,27.060000000000002,829,2
C01664,1,23.0,23.0,350,0
C01665,12,726.5500000000001,60.54583333333334,54,3
C01666,3,275.5,91.83333333333333,402,4
C01667,4,102.23,25.5575,708,2
C01668,3,90.47999999999999,30.159999999999997,4,0
C01669,20,583.41,29.170499999999997,41,1
C01670,5,103.13,20.625999999999998,117,0
C01671,2,34.870000000000005,17.435000000000002,653,2
C01672,2,25.1,12.55,438,2
C01673,3,74.49000000000001,24.830000000000002,535,2
C01674,6,354.65,59.10833333333333,78,4
C01675,3,67.71000000000001,22.570000000000004,411,0
C01676,2,69.38,34.69,701,2
C01677,1,17.31,17.31,197,0
C01678,2,66.56,33.28,107,0
C01679,1,56.53,56.53,53,4
C01680,2,37.28,18.64,248,0
C01681,3,81.34,27.113333333333333,247,0
C01682,2,35.22,17.61,215,0
C01683,3,48.9,16.3,45,0
C01684,3,226.84,75.61333333333333,181,4
C01685,6,162.64,27.106666666666666,187,0
C01686,15,253.28,16.88533333333333,8,1
C01687,2,76.97,38.485,26,0
C01688,3,105.47999999999999,35.16,728,2
C01689,2,15.760000000000002,7.880000000000001,484,2
C01690,4,43.21,10.8025,374,0
C01691,1,25.03,25.03,173,0
C01692,2,24.89,12.445,60,0
C01693,2,19.44,9.72,192,0
C01694,12,270.31,22.525833333333335,10,1
C01695,3,52.67,17.55666666666667,73,0
C01696,1,28.95,28.95,974,2
C01697,2,36.790000000000006,18.395000000000003,349,0
C01698,4,93.76,23.44,297,0
C01699,1,24.45,24.45,960,2
C01700,3,91.8,30.599999999999998,48,0
C01701,1,38.23,38.23,735,2
C01702,11,351.44,31.94909090909091,16,1
C01703,5,289.75,57.95,83,4
C01704,2,120.69,60.345,448,4
C01705,4,323.94,80.985,88,4
C01706,3,46.7,15.566666666666668,97,0
C01707,1,42.42,42.42,977,2
C01708,1,11.07,11.07,928,2
C01709,2,23.990000000000002,11.995000000000001,575,2
C01710,4,83.84,20.96,528,2
C01711,1,49.31,49.31,396,2
C01712,2,50.75,25.375,528,2
C01713,2,113.31,56.655,599,2
C01714,2,16.44,8.22,353,0
C01715,1,11.71,11.71,383,0
C01716,2,70.05,35.025,485,2
C01717,2,94.33000000000001,47.165000000000006,1021,2
C01718,12,254.48,21.206666666666667,33,1
C01719,5,349.28,69.856,54,4
C01720,2,31.699999999999996,15.849999999999998,706,2
C01721,10,317.5,31.75,414,1
C01722,2,68.86,34.43,731,2
C01723,3,73.43,24.47666666666667,6,0
C01724,1,7.11,7.11,819,2
C01725,2,66.5,33.25,179,0
C01726,3,89.58,29.86,207,0
C01727,3,102.36,34.12,497,2
C01728,1,11.16,11.16,944,2
C01729,6,176.99,29.498333333333335,7,0
C01730,1,11.93,11.93,1069,2
C01731,3,123.47999999999999,41.16,422,0
C01732,2,56.69,28.345,707,2
C01733,4,43.83,10.9575,169,0
C01734,2,49.9,24.95,255,0
C01735,1,10.04,10.04,830,2
C01736,16,435.26,27.20375,87,1
C01737,13,340.73,26.21,44,1
C01738,6,174.43,29.07166666666667,101,0
C01739,4,31.27,7.8175,79,0
C01740,2,27.82,13.91,291,0
C01741,2,48.57,24.285,70,0
C01742,3,57.16,19.05333333333333,773,2
C01743,16,151.5,9.46875,117,1
C01744,2,54.92999999999999,27.464999999999996,714,2
C01745,9,501.07,55.67444444444445,87,1
C01746,6,113.39999999999999,18.9,78,0
C01747,4,59.26,14.815,244,0
C01748,4,45.51,11.3775,37,0
C01749,1,22.16,22.16,9,0
C01750,2,59.400000000000006,29.700000000000003,758,2
C01751,7,136.06,19.437142857142856,105,0
C01752,2,22.09,11.045,763,2
C01753,3,59.910000000000004,19.970000000000002,496,2
C01754,2,61.48,30.74,275,0
C01755,14,737.0899999999999,52.64928571428571,8,3
C01756,15,939.0699999999999,62.60466666666666,31,3
C01757,1,35.7,35.7,443,2
C01758,1,7.41,7.41,429,2
C01759,6,185.02,30.83666666666667,25,0
C01760,2,39.75,19.875,650,2
C01761,1,22.86,22.86,664,2
C01762,1,41.98,41.98,45,0
C01763,13,177.47,13.651538461538461,49,1
C01764,6,243.57999999999998,40.596666666666664,48,4
C01765,1,13.22,13.22,281,0
C01766,1,21.92,21.92,431,2
C01767,1,21.55,21.55,261,0
C01768,5,111.33,22.266,369,0
C01769,2,27.740000000000002,13.870000000000001,182,0
C01770,5,170.0,34.0,254,0
C01771,1,8.41,8.41,110,0
C01772,1,70.2,70.2,1064,2
C01773,2,36.36,18.18,630,2
C01774,1,34.1,34.1,884,2
C01775,5,113.88,22.776,78,0
C01776,4,109.91,27.4775,154,0
C01777,4,158.26999999999998,39.567499999999995,468,2
C01778,1,21.88,21.88,395,0
C01779,3,24.48,8.16,507,2
C01780,2,49.68,24.84,352,0
C01781,7,273.28999999999996,39.04142857142857,3,1
C01782,3,118.85,39.61666666666667,74,0
C01783,3,140.01999999999998,46.673333333333325,37,4
C01784,1,25.32,25.32,512,2
C01785,12,343.27,28.605833333333333,101,1
C01786,4,147.02,36.755,325,0
C01787,1,33.3,33.3,995,2
C01788,5,83.82,16.764,212,0
C01789,2,47.93,23.965,433,2
C01790,3,151.5,50.5,684,2
C01791,4,129.59,32.3975,595,2
C01792,3,150.76,50.25333333333333,350,4
C01793,2,73.1,36.55,180,0
C01794,6,575.51,95.91833333333334,50,4
C01795,2,103.77000000000001,51.885000000000005,973,2
C01796,3,48.089999999999996,16.029999999999998,30,0
C01797,6,218.39999999999998,36.4,14,0
C01798,1,50.49,50.49,941,2
C01799,4,191.7,47.925,418,4
C01800,2,54.56,27.28,177,0
C01801,3,53.33,17.776666666666667,176,0
C01802,2,29.58,14.79,405,0
C01803,2,144.5,72.25,84,4
C01804,1,37.32,37.32,823,2
C01805,1,9.53,9.53,252,0
C01806,3,117.38,39.126666666666665,323,0
C01807,11,408.40999999999997,37.128181818181815,244,1
C01808,3,60.5,20.166666666666668,317,0
C01809,4,138.35,34.5875,61,0
C01810,5,118.79,23.758000000000003,211,0
C01811,2,28.42,14.21,204,0
C01812,5,25.45,5.09,78,0
C01813,3,168.86,56.28666666666667,45,4
C01814,4,63.44,15.86,119,0
C01815,14,271.85,19.417857142857144,13,1
C01816,3,146.6,48.86666666666667,372,4
C01817,4,61.379999999999995,15.344999999999999,316,0
C01818,6,117.87,19.645,301,0
C01819,16,677.65,42.353125,6,3
C01820,3,52.120000000000005,17.373333333333335,30,0
C01821,5,106.88,21.375999999999998,89,0
C01822,2,34.05,17.025,99,0
C01823,4,117.30000000000001,29.325000000000003,132,0
C01824,4,119.57,29.8925,12,0
C01825,19,288.13,15.164736842105263,37,1
C01826,2,41.56,20.78,40,0
C01827,1,43.98,43.98,943,2
C01828,3,140.16,46.72,247,4
C01829,16,343.96,21.4975,27,1
C01830,6,271.57,45.26166666666666,119,4
C01831,3,221.42,73.80666666666666,20,4
C01832,11,186.41,16.946363636363635,124,1
C01833,4,22.63,5.6575,57,0
C01834,6,108.65,18.108333333333334,366,0
C01835,11,477.72,43.42909090909091,33,1
C01836,2,203.68,101.84,334,4
C01837,3,119.03,39.67666666666667,215,0
C01838,6,197.7,32.949999999999996,195,0
C01839,3,54.68,18.226666666666667,162,0
C01840,2,69.42,34.71,212,0
C01841,2,104.19,52.095,712,2
C01842,2,150.67,75.335,735,4
C01843,3,293.72999999999996,97.90999999999998,513,4
C01844,12,191.91,15.9925,68,1
C01845,3,107.28999999999999,35.76333333333333,14,0
C01846,4,190.29,47.5725,238,4
C01847,3,49.9,16.633333333333333,16,0
C01848,4,144.1,36.025,438,0
C01849,3,47.28,15.76,298,0
C01850,4,831.36,207.84,217,3
C01851,16,425.0,26.5625,28,1
C01852,8,381.5,47.6875,169,4
C01853,1,29.72,29.72,334,0
C01854,5,79.41,15.882,121,0
C01855,2,226.09999999999997,113.04999999999998,571,4
C01856,1,48.25,48.25,238,0
C01857,1,58.04,58.04,313,4
C01858,4,172.31,43.0775,124,0
C01859,2,60.24,30.12,518,2
C01860,15,202.78,13.518666666666666,67,1
C01861,2,80.32,40.16,930,2
C01862,1,18.96,18.96,795,2
C01863,3,55.08,18.36,389,0
C01864,3,59.73,19.91,230,0
C01865,6,140.3,23.383333333333336,335,0
C01866,2,116.42000000000002,58.21000000000001,761,2
C01867,1,16.09,16.09,94,0
C01868,2,51.06,25.53,240,0
C01869,3,138.58,46.193333333333335,111,4
C01870,1,64.05,64.05,614,2
C01871,6,358.13,59.68833333333333,72,4
C01872,3,132.73000000000002,44.24333333333334,37,0
C01873,2,67.15,33.575,668,2
C01874,1,17.37,17.37,659,2
C01875,2,29.46,14.73,528,2
C01876,2,49.99,24.995,60,0
C01877,3,127.13999999999999,42.379999999999995,350,0
C01878,8,53.269999999999996,6.6587499999999995,96,0
C01879,10,139.06,13.906,156,1
C01880,5,86.46000000000001,17.292,100,0
C01881,3,51.42,17.14,19,0
C01882,6,311.57,51.928333333333335,170,4
C01883,2,31.33,15.665,275,0
C01884,2,24.17,12.085,168,0
C01885,4,130.78,32.695,259,0
C01886,12,459.52,38.29333333333333,420,1
C01887,2,40.92,20.46,748,2
C01888,2,27.259999999999998,13.629999999999999,855,2
C01889,2,222.38,111.19,649,4
C01890,3,60.79,20.263333333333332,82,0
C01891,2,47.28,23.64,150,0
C01892,1,6.99,6.99,911,2
C01893,4,222.02,55.505,442,4
C01894,2,44.94,22.47,281,0
C01895,1,16.61,16.61,298,0
C01896,4,122.32,30.58,314,0
C01897,2,75.63999999999999,37.81999999999999,184,0
C01898,1,37.09,37.09,796,2
C01899,4,60.99,15.2475,25,0
C01900,2,49.51,24.755,702,2
C01901,14,965.64,68.97428571428571,147,3
C01902,2,64.4,32.2,371,0
C01903,2,26.9,13.45,338,0
C01904,2,77.93,38.965,591,2
C01905,2,129.27,64.635,8,4
C01906,2,40.11,20.055,612,2
C01907,5,70.23,14.046000000000001,217,0
C01908,3,47.1,15.700000000000001,255,0
C01909,5,231.03,46.206,131,4
C01910,3,72.51,24.17,85,0
C01911,3,45.37,15.123333333333333,267,0
C01912,3,19.18,6.3933333333333335,313,0
C01913,1,9.84,9.84,633,2
C01914,5,250.24,50.048,137,4
C01915,17,528.71,31.10058823529412,3,1
C01916,2,38.160000000000004,19.080000000000002,350,0
C01917,10,249.16,24.916,275,1
C01918,2,68.64,34.32,582,2
C01919,4,92.67,23.1675,55,0
C01920,6,167.11,27.85166666666667,350,0
C01921,2,58.27,29.135,104,0
C01922,11,327.98,29.816363636363636,66,1
C01923,3,35.01,11.67,718,2
C01924,3,113.31,37.77,78,0
C01925,4,128.4,32.1,77,0
C01926,2,41.76,20.88,362,0
C01927,1,54.94,54.94,899,2
C01928,3,54.95,18.316666666666666,320,0
C01929,4,53.31,13.3275,6,0
C01930,3,89.24000000000001,29.74666666666667,76,0
C01931,5,144.45,28.889999999999997,10,0
C01932,3,40.65,13.549999999999999,23,0
C01933,7,95.91,13.70142857142857,106,0
C01934,3,70.69,23.563333333333333,131,0
C01935,1,28.44,28.44,903,2
C01936,3,163.89,54.629999999999995,45,4
C01937,16,815.38,50.96125,110,3
C01938,4,252.41,63.1025,196,4
C01939,3,121.64999999999999,40.55,578,2
C01940,1,12.45,12.45,430,2
C01941,5,171.86,34.372,184,0
C01942,5,79.08,15.815999999999999,146,0
C01943,5,110.15,22.03,225,0
C01944,1,17.68,17.68,983,2
C01945,1,13.33,13.33,27,0
C01946,2,32.91,16.455,228,0
C01947,1,21.63,21.63,180,0
C01948,1,24.54,24.54,1081,2
C01949,1,13.58,13.58,256,0
C01950,12,178.03,14.835833333333333,137,1
C01951,2,47.94,23.97,427,2
C01952,2,93.63,46.815,44,0
C01953,3,285.49,95.16333333333334,240,4
C01954,5,144.05,28.810000000000002,136,0
C01955,15,277.68,18.512,42,1
C01956,1,33.48,33.48,1001,2
C01957,5,100.19,20.038,7,0
C01958,3,47.18000000000001,15.726666666666668,96,0
C01959,4,117.24,29.31,163,0
C01960,6,109.67,18.278333333333332,153,0
C01961,1,19.02,19.02,882,2
C01962,2,106.24000000000001,53.120000000000005,120,4
C01963,1,39.99,39.99,212,0
C01964,1,28.14,28.14,585,2
C01965,3,83.14,27.713333333333335,90,0
C01966,18,175.64,9.757777777777777,128,1
C01967,2,39.84,19.92,89,0
C01968,2,91.63,45.815,182,0
C01969,1,14.71,14.71,38,0
C01970,6,330.83,55.13833333333333,195,4
C01971,4,99.11,24.7775,5,0
C01972,6,129.79,21.631666666666664,54,0
C01973,4,194.67999999999998,48.669999999999995,22,4
C01974,1,15.19,15.19,509,2
C01975,3,69.43,23.143333333333334,141,0
C01976,4,192.4,48.1,344,4
C01977,3,82.58,27.526666666666667,83,0
C01978,5,29.049999999999997,5.81,109,0
C01979,3,130.33,43.443333333333335,27,0
C01980,2,66.75999999999999,33.379999999999995,646,2
C01981,2,12.46,6.23,27,0
C01982,4,200.21,50.0525,489,4
C01983,1,11.41,11.41,579,2
C01984,1,12.19,12.19,551,2
C01985,4,131.5,32.875,105,0
C01986,3,47.45,15.816666666666668,11,0
C01987,2,84.28,42.14,450,2
C01988,4,102.78,25.695,472,2
C01989,5,56.61,11.322,90,0
C01990,5,113.94,22.788,76,0
C01991,2,127.61,63.805,410,4
C01992,2,100.06,50.03,533,2
C01993,1,11.86,11.86,134,0
C01994,1,50.51,50.51,457,2
C01995,3,63.2,21.066666666666666,251,0
C01996,4,61.16,15.29,31,0
C01997,2,73.16,36.58,157,0
C01998,5,122.42,24.484,204,0
C01999,1,13.75,13.75,466,2
C02000,2,34.01,17.005,928,2
C02001,20,1222.8,61.14,6,3
C02002,4,65.07,16.2675,105,0
C02003,5,124.18,24.836000000000002,114,0
C02004,2,147.57999999999998,73.78999999999999,289,4
C02005,2,38.65,19.325,516,2
C02006,1,13.64,13.64,944,2
C02007,6,125.5,20.916666666666668,149,0
C02008,3,142.65,47.550000000000004,171,4
C02009,1,29.23,29.23,403,2
C02010,5,70.07000000000001,14.014000000000001,186,0
C02011,3,45.94,15.313333333333333,231,0
C02012,5,182.29,36.458,171,0
C02013,3,36.55,12.183333333333332,242,0
C02014,3,85.23,28.41,400,0
C02015,1,30.85,30.85,701,2
C02016,3,10.469999999999999,3.4899999999999998,151,0
C02017,2,23.37,11.685,111,0
C02018,1,15.69,15.69,524,2
C02019,1,48.51,48.51,219,0
C02020,7,267.57,38.22428571428571,134,4
C02021,2,93.51,46.755,497,2
C02022,3,39.53,13.176666666666668,285,0
C02023,1,36.92,36.92,579,2
C02024,5,170.9,34.18,224,0
C02025,2,47.620000000000005,23.810000000000002,128,0
C02026,12,130.66,10.888333333333334,40,1
C02027,2,174.56,87.28,10,4
C02028,4,123.98,30.995,270,0
C02029,2,62.04,31.02,230,0
C02030,4,72.19,18.0475,27,0
C02031,2,47.96,23.98,243,0
C02032,3,69.38,23.126666666666665,513,2
C02033,1,10.64,10.64,753,2
C02034,2,25.55,12.775,123,0
C02035,10,279.56,27.956,36,1
C02036,5,111.03,22.206,327,0
C02037,1,18.27,18.27,841,2
C02038,4,201.45999999999998,50.364999999999995,452,4
C02039,1,58.02,58.02,244,4
C02040,5,113.80000000000001,22.76,394,0
C02041,1,50.08,50.08,686,2
C02042,2,58.370000000000005,29.185000000000002,241,0
C02043,4,93.51,23.3775,145,0
C02044,4,47.5,11.875,269,0
C02045,4,154.72,38.68,154,0
C02046,4,130.52,32.63,229,0
C02047,4,199.14000000000001,49.785000000000004,114,4
C02048,1,9.74,9.74,243,0
C02049,6,182.67000000000002,30.445000000000004,653,2
C02050,7,217.84,31.12,322,0
C02051,1,28.33,28.33,98,0
C02052,6,539.05,89.84166666666665,18,4
C02053,2,34.98,17.49,353,0
C02054,5,196.2,39.239999999999995,343,0
C02055,6,187.48000000000002,31.24666666666667,445,0
C02056,4,93.44,23.36,127,0
C02057,1,18.62,18.62,96,0
C02058,1,39.14,39.14,66,0
C02059,5,141.92000000000002,28.384000000000004,127,0
C02060,3,344.36,114.78666666666668,220,4
C02061,2,66.27000000000001,33.135000000000005,555,2
C02062,2,113.39,56.695,790,2
C02063,10,146.32999999999998,14.633,33,1
C02064,4,93.33,23.3325,71,0
C02065,3,29.02,9.673333333333334,138,0
C02066,1,11.18,11.18,151,0
C02067,4,92.01,23.0025,395,0
C02068,2,24.130000000000003,12.065000000000001,336,0
C02069,2,32.77,16.385,100,0
C02070,3,60.739999999999995,20.246666666666666,396,0
C02071,1,31.93,31.93,1070,2
C02072,3,34.13,11.376666666666667,664,2
C02073,4,170.03,42.5075,271,4
C02074,6,175.51,29.251666666666665,337,0
C02075,5,92.68,18.536,34,0
C02076,2,79.06,39.53,682,2
C02077,4,44.43,11.1075,107,0
C02078,3,100.3,33.43333333333333,373,0
C02079,2,80.09,40.045,394,0
C02080,1,50.82,50.82,587,2
C02081,2,37.150000000000006,18.575000000000003,57,0
C02082,5,240.89,48.178,135,4
C02083,5,288.73,57.746,166,4
C02084,3,88.12,29.373333333333335,225,0
C02085,3,71.35,23.78333333333333,93,0
C02086,3,187.47,62.49,402,4
C02087,3,69.17,23.05666666666667,97,0
C02088,4,111.36,27.84,300,0
C02089,5,98.16,19.631999999999998,176,0
C02090,1,31.6,31.6,56,0
C02091,2,31.12,15.56,2,0
C02092,3,129.79,43.26333333333333,154,0
C02093,1,7.28,7.28,498,2
C02094,1,33.35,33.35,15,0
C02095,13,234.54,18.04153846153846,120,1
C02096,4,112.37,28.0925,187,0
C02097,5,190.78,38.156,95,0
C02098,1,67.67,67.67,974,2
C02099,18,387.14,21.507777777777775,22,1
C02100,11,329.11,29.91909090909091,5,1
C02101,7,200.29,28.61285714285714,190,0
C02102,6,78.42,13.07,3,0
C02103,2,59.83,29.915,284,0
C02104,4,145.49,36.3725,6,0
C02105,1,14.05,14.05,166,0
C02106,4,167.91,41.9775,106,0
C02107,2,88.03999999999999,44.019999999999996,347,0
C02108,1,13.38,13.38,1085,2
C02109,1,20.76,20.76,352,0
C02110,2,27.7,13.85,162,0
C02111,5,38.03,7.606,291,0
C02112,2,41.9,20.95,668,2
C02113,1,18.69,18.69,793,2
C02114,4,36.44,9.11,86,0
C02115,2,182.81,91.405,392,4
C02116,2,35.27,17.635,124,0
C02117,3,80.33,26.776666666666667,650,2
C02118,4,255.61,63.9025,275,4
C02119,2,20.64,10.32,244,0
C02120,1,19.96,19.96,958,2
C02121,4,253.97,63.4925,300,4
C02122,2,77.5,38.75,180,0
C02123,5,88.02000000000001,17.604000000000003,91,0
C02124,5,117.13,23.426,71,0
C02125,2,40.46,20.23,744,2
C02126,3,45.09,15.030000000000001,116,0
C02127,13,310.03,23.848461538461535,376,1
C02128,4,72.75,18.1875,151,0
C02129,2,28.27,14.135,484,2
C02130,5,235.98999999999998,47.19799999999999,17,4
C02131,18,400.85,22.269444444444446,158,1
C02132,3,35.59,11.863333333333335,257,0
C02133,1,13.51,13.51,711,2
C02134,17,2626.78,154.5164705882353,45,3
C02135,3,73.05,24.349999999999998,234,0
C02136,5,280.77,56.153999999999996,287,4
C02137,2,46.69,23.345,415,0
C02138,2,46.019999999999996,23.009999999999998,93,0
C02139,3,44.099999999999994,14.699999999999998,44,0
C02140,4,128.9,32.225,147,0
C02141,14,394.93,28.209285714285716,72,1
C02142,1,29.0,29.0,294,0
C02143,1,10.37,10.37,497,2
C02144,2,112.7,56.35,853,2
C02145,1,47.19,47.19,335,0
C02146,3,78.33,26.11,203,0
C02147,2,35.18,17.59,1003,2
C02148,15,153.24,10.216000000000001,138,1
C02149,13,456.29,35.09923076923077,23,1
C02150,3,97.09,32.36333333333334,618,2
C02151,18,524.24,29.124444444444446,43,1
C02152,5,74.09,14.818000000000001,67,0
C02153,5,38.47,7.694,94,0
C02154,9,346.18,38.464444444444446,34,1
C02155,3,33.629999999999995,11.209999999999999,978,2
C02156,3,263.67,87.89,370,4
C02157,8,241.5,30.1875,13,1
C02158,2,150.92000000000002,75.46000000000001,322,4
C02159,1,28.87,28.87,749,2
C02160,1,25.67,25.67,83,0
C02161,1,53.84,53.84,317,4
C02162,3,54.54,18.18,63,0
C02163,3,90.21000000000001,30.070000000000004,657,2
C02164,6,87.91,14.651666666666666,135,0
C02165,2,67.28,33.64,277,0
C02166,2,56.03,28.015,123,0
C02167,1,13.38,13.38,6,0
C02168,3,103.53999999999999,34.51333333333333,81,0
C02169,4,139.73,34.9325,281,0
C02170,2,39.01,19.505,775,2
C02171,3,61.260000000000005,20.42,154,0
C02172,1,22.03,22.03,17,0
C02173,6,56.36,9.393333333333333,116,0
C02174,4,191.87,47.9675,39,4
C02175,3,54.92,18.30666666666667,738,2
C02176,5,43.51,8.702,148,0
C02177,3,119.47,39.82333333333333,600,2
C02178,2,77.03,38.515,671,2
C02179,5,109.43,21.886000000000003,18,0
C02180,13,123.19999999999999,9.476923076923075,8,1
C02181,1,33.69,33.69,227,0
C02182,2,17.02,8.51,367,0
C02183,4,136.54,34.135,156,0
C02184,4,49.08,12.27,245,0
C02185,2,61.85,30.925,114,0
C02186,4,135.04,33.76,84,0
C02187,2,53.650000000000006,26.825000000000003,34,0
C02188,3,188.89,62.96333333333333,87,4
C02189,3,58.129999999999995,19.376666666666665,382,0
C02190,3,33.57,11.19,122,0
C02191,6,106.63,17.771666666666665,38,0
C02192,2,82.18,41.09,121,0
C02193,1,6.45,6.45,553,2
C02194,2,126.44999999999999,63.224999999999994,742,2
C02195,2,59.32,29.66,239,0
C02196,12,87.23,7.269166666666667,120,1
C02197,4,149.09,37.2725,469,2
C02198,2,104.61,52.305,256,4
C02199,4,172.22,43.055,221,4
C02200,2,84.8,42.4,88,0
C02201,11,252.97,22.997272727272726,3,1
C02202,15,1107.2,73.81333333333333,92,3
C02203,3,50.04,16.68,156,0
C02204,12,342.23,28.519166666666667,146,1
C02205,2,101.8,50.9,585,2
C02206,3,33.04,11.013333333333334,344,0
C02207,5,100.59,20.118000000000002,350,0
C02208,3,21.25,7.083333333333333,622,2
C02209,6,108.24,18.04,11,0
C02210,2,42.709999999999994,21.354999999999997,186,0
C02211,3,31.81,10.603333333333333,20,0
C02212,5,125.33,25.066,271,0
C02213,2,20.990000000000002,10.495000000000001,796,2
C02214,1,8.57,8.57,946,2
C02215,2,36.07,18.035,120,0
C02216,5,135.31,27.062,31,0
C02217,1,25.52,25.52,51,0
C02218,3,318.63,106.21,105,4
C02219,2,30.33,15.165,130,0
C02220,3,118.33,39.443333333333335,44,0
C02221,2,104.88,52.44,780,2
C02222,4,131.46,32.865,252,0
C02223,5,132.85999999999999,26.571999999999996,330,0
C02224,4,307.90999999999997,76.97749999999999,66,4
C02225,9,218.29,24.254444444444445,179,1
C02226,12,297.63,24.8025,69,1
C02227,2,20.490000000000002,10.245000000000001,1066,2
C02228,7,385.81,55.11571428571428,14,4
C02229,2,94.27000000000001,47.135000000000005,681,2
C02230,3,69.56,23.186666666666667,435,0
C02231,2,61.52,30.76,393,0
C02232,14,296.27,21.162142857142857,20,1
C02233,1,33.54,33.54,254,0
C02234,6,276.06,46.01,31,4
C02235,3,213.93,71.31,72,4
C02236,3,69.83,23.276666666666667,252,0
C02237,2,64.71000000000001,32.355000000000004,212,0
C02238,1,21.9,21.9,795,2
C02239,1,59.09,59.09,260,4
C02240,5,198.5,39.7,40,0
C02241,6,207.63,34.605,102,0
C02242,1,44.27,44.27,898,2
C02243,1,42.14,42.14,890,2
C02244,1,14.73,14.73,343,0
C02245,3,104.28,34.76,5,0
C02246,4,66.12,16.53,51,0
C02247,1,12.4,12.4,132,0
C02248,7,127.34,18.19142857142857,123,0
C02249,2,119.84,59.92,448,4
C02250,4,107.74000000000001,26.935000000000002,502,2
C02251,5,223.86,44.772000000000006,314,4
C02252,2,27.47,13.735,392,0
C02253,2,23.22,11.61,202,0
C02254,3,74.65,24.883333333333336,464,2
C02255,3,97.11,32.37,119,0
C02256,2,79.16,39.58,475,2
C02257,2,66.19,33.095,219,0
C02258,3,91.27000000000001,30.423333333333336,447,2
C02259,5,101.09,20.218,355,0
C02260,3,32.18,10.726666666666667,37,0
C02261,6,93.0,15.5,51,0
C02262,2,16.55,8.275,765,2
C02263,2,33.980000000000004,16.990000000000002,93,0
C02264,3,54.18,18.06,495,2
C02265,3,44.01,14.67,84,0
C02266,4,91.19,22.7975,669,2
C02267,3,73.94,24.646666666666665,40,0
C02268,1,18.58,18.58,825,2
C02269,4,84.42,21.105,174,0
C02270,2,26.5,13.25,282,0
C02271,3,37.510000000000005,12.503333333333336,73,0
C02272,2,18.84,9.42,504,2
C02273,18,759.0,42.166666666666664,86,3
C02274,1,13.01,13.01,738,2
C02275,3,61.73,20.576666666666664,45,0
C02276,5,21.41,4.282,55,0
C02277,3,102.49,34.163333333333334,122,0
C02278,3,107.15,35.71666666666667,939,2
C02279,2,36.08,18.04,132,0
C02280,3,71.87,23.956666666666667,242,0
C02281,4,139.36,34.84,146,0
C02282,3,28.72,9.573333333333332,64,0
C02283,5,356.69,71.338,178,4
C02284,1,46.05,46.05,419,2
C02285,2,55.71,27.855,58,0
C02286,2,36.38,18.19,301,0
C02287,3,98.93,32.97666666666667,324,0
C02288,4,53.47,13.3675,416,0
C02289,2,63.58,31.79,67,0
C02290,3,258.03,86.00999999999999,535,4
C02291,2,44.07,22.035,622,2
C02292,1,23.25,23.25,1087,2
C02293,5,206.69,41.338,67,0
C02294,1,32.53,32.53,183,0
C02295,2,36.04,18.02,182,0
C02296,3,74.09,24.69666666666667,381,0
C02297,3,116.36000000000001,38.78666666666667,15,0
C02298,7,197.88,28.268571428571427,79,0
C02299,3,71.59,23.863333333333333,684,2
C02300,6,100.61,16.768333333333334,240,0
C02301,3,99.53,33.17666666666667,351,0
C02302,3,147.63,49.21,178,4
C02303,2,60.739999999999995,30.369999999999997,387,0
C02304,2,14.23,7.115,913,2
C02305,1,9.29,9.29,32,0
C02306,5,99.56,19.912,80,0
C02307,3,44.21,14.736666666666666,216,0
C02308,1,41.34,41.34,472,2
C02309,5,88.65,17.73,92,0
C02310,5,91.47999999999999,18.296,380,0
C02311,4,68.88,17.22,439,0
C02312,1,11.11,11.11,211,0
C02313,2,185.03,92.515,269,4
C02314,2,31.38,15.69,25,0
C02315,1,43.29,43.29,476,2
C02316,14,266.5,19.035714285714285,36,1
C02317,3,125.96000000000001,41.98666666666667,580,2
C02318,2,56.61,28.305,190,0
C02319,3,83.41,27.80333333333333,350,0
C02320,5,125.07000000000001,25.014000000000003,249,0
C02321,6,44.18,7.363333333333333,26,0
C02322,4,45.1,11.275,100,0
C02323,1,34.68,34.68,678,2
C02324,1,36.92,36.92,1020,2
C02325,1,108.89,108.89,1094,4
C02326,2,173.53,86.765,330,4
C02327,3,87.63,29.209999999999997,104,0
C02328,1,23.11,23.11,170,0
C02329,2,30.35,15.175,372,0
C02330,2,97.48,48.74,622,2
C02331,2,52.5,26.25,340,0
C02332,2,58.88,29.44,709,2
C02333,2,50.71,25.355,393,0
C02334,1,38.72,38.72,1005,2
C02335,15,1066.92,71.128,133,3
C02336,4,108.74,27.185,126,0
C02337,3,110.82,36.94,401,0
C02338,6,165.07,27.511666666666667,143,0
C02339,1,40.55,40.55,150,0
C02340,7,135.22,19.31714285714286,51,0
C02341,5,96.0,19.2,433,0
C02342,5,185.57999999999998,37.116,21,0
C02343,4,176.85,44.2125,106,4
C02344,4,41.989999999999995,10.497499999999999,226,0
C02345,3,73.45,24.483333333333334,583,2
C02346,4,30.9,7.725,355,0
C02347,3,99.61999999999999,33.20666666666666,481,2
C02348,4,121.64,30.41,430,0
C02349,3,78.07,26.02333333333333,273,0
C02350,2,46.400000000000006,23.200000000000003,104,0
C02351,15,195.36,13.024000000000001,55,1
C02352,4,95.74000000000001,23.935000000000002,128,0
C02353,2,52.6,26.3,114,0
C02354,14,295.01,21.072142857142858,38,1
C02355,2,36.2,18.1,26,0
C02356,2,28.38,14.19,506,2
C02357,1,26.26,26.26,1005,2
C02358,3,34.32,11.44,492,2
C02359,20,766.71,38.3355,6,3
C02360,5,152.44,30.488,24,0
C02361,4,64.47,16.1175,168,0
C02362,1,18.2,18.2,54,0
C02363,6,106.12,17.686666666666667,144,0
C02364,2,54.370000000000005,27.185000000000002,268,0
C02365,3,30.91,10.303333333333333,84,0
C02366,3,43.91,14.636666666666665,60,0
C02367,3,64.74,21.58,92,0
C02368,3,47.08,15.693333333333333,235,0
C02369,5,29.95,5.99,200,0
C02370,1,47.23,47.23,191,0
C02371,4,60.81,15.2025,422,0
C02372,4,39.34,9.835,11,0
C02373,1,48.41,48.41,363,0
C02374,3,148.89,49.629999999999995,445,4
C02375,3,31.470000000000002,10.49,311,0
C02376,7,174.95999999999998,24.994285714285713,287,0
C02377,3,122.07,40.69,577,2
C02378,4,62.370000000000005,15.592500000000001,131,0
C02379,8,306.67,38.33375,75,1
C02380,4,72.85,18.2125,128,0
C02381,1,17.85,17.85,185,0
C02382,4,161.23000000000002,40.307500000000005,180,0
C02383,5,197.89,39.577999999999996,33,0
C02384,4,105.66,26.415,578,2
C02385,6,105.29,17.548333333333336,257,0
C02386,6,128.1,21.349999999999998,158,0
C02387,2,32.97,16.485,193,0
C02388,2,154.28,77.14,277,4
C02389,8,152.46,19.0575,330,0
C02390,2,66.25999999999999,33.129999999999995,314,0
C02391,6,352.57,58.76166666666666,140,4
C02392,4,136.24,34.06,84,0
C02393,1,22.87,22.87,235,0
C02394,3,76.03,25.343333333333334,91,0
C02395,8,169.25,21.15625,5,0
C02396,11,346.73,31.520909090909093,207,1
C02397,2,35.22,17.61,545,2
C02398,3,85.81,28.603333333333335,242,0
C02399,11,133.09,12.09909090909091,60,1
C02400,4,56.15,14.0375,88,0
C02401,1,35.57,35.57,451,2
C02402,10,437.45,43.745,136,1
C02403,2,24.5,12.25,188,0
C02404,4,125.74000000000001,31.435000000000002,398,0
C02405,5,360.03000000000003,72.006,2,4
C02406,3,44.18,14.726666666666667,37,0
C02407,5,62.45,12.49,10,0
C02408,8,117.03,14.62875,355,0
C02409,1,6.09,6.09,660,2
C02410,5,112.26,22.452,88,0
C02411,2,29.71,14.855,129,0
C02412,1,27.44,27.44,862,2
C02413,3,50.91,16.97,19,0
C02414,8,430.79999999999995,53.849999999999994,24,4
C02415,2,109.97,54.985,772,2
C02416,3,229.57999999999998,76.52666666666666,259,4
C02417,1,28.81,28.81,571,2
C02418,3,177.3,59.1,461,4
C02419,1,14.08,14.08,707,2
C02420,4,68.66,17.165,139,0
C02421,1,12.73,12.73,65,0
C02422,4,129.11,32.2775,645,2
C02423,1,44.36,44.36,662,2
C02424,13,764.45,58.80384615384616,206,3
C02425,5,68.6,13.719999999999999,183,0
C02426,1,12.37,12.37,67,0
C02427,1,58.13,58.13,152,4
C02428,3,83.12,27.706666666666667,154,0
C02429,4,42.47,10.6175,287,0
C02430,15,375.98,25.065333333333335,109,1
C02431,5,137.20999999999998,27.441999999999997,80,0
C02432,4,84.39,21.0975,317,0
C02433,4,99.4,24.85,234,0
C02434,16,801.75,50.109375,63,3
C02435,7,287.81,41.11571428571428,30,4
C02436,3,51.64,17.213333333333335,162,0
C02437,5,98.71000000000001,19.742,15,0
C02438,3,104.28,34.76,342,0
C02439,3,111.48,37.160000000000004,230,0
C02440,13,1058.73,81.44076923076923,150,3
C02441,4,154.48000000000002,38.620000000000005,256,0
C02442,6,100.71000000000001,16.785,78,0
C02443,7,106.23,15.175714285714287,166,0
C02444,2,38.81,19.405,19,0
C02445,3,92.16,30.72,173,0
C02446,2,95.28,47.64,491,2
C02447,14,239.6,17.114285714285714,33,1
C02448,4,77.11,19.2775,231,0
C02449,13,224.25,17.25,28,1
C02450,4,181.18,45.295,32,4
C02451,2,116.19,58.095,262,4
C02452,4,74.1,18.525,172,0
C02453,10,522.14,52.214,47,1
C02454,3,112.56,37.52,121,0
C02455,2,83.16,41.58,141,0
C02456,4,106.27,26.5675,329,0
C02457,2,51.67,25.835,504,2
C02458,5,155.59,31.118000000000002,151,0
C02459,2,93.89,46.945,360,4
C02460,21,411.33,19.587142857142858,67,1
C02461,3,149.11,49.70333333333334,546,2
C02462,3,18.75,6.25,95,0
C02463,2,106.82,53.41,610,2
C02464,1,33.6,33.6,890,2
C02465,5,150.59,30.118000000000002,30,0
C02466,15,244.06,16.270666666666667,16,1
C02467,3,164.89999999999998,54.96666666666666,637,2
C02468,4,90.49,22.6225,234,0
C02469,3,89.17,29.723333333333333,52,0
C02470,4,93.48,23.37,166,0
C02471,7,229.15,32.73571428571429,289,0
C02472,3,192.32999999999998,64.11,406,4
C02473,12,167.38,13.948333333333332,3,1
C02474,1,47.26,47.26,59,0
C02475,1,8.84,8.84,805,2
C02476,1,13.16,13.16,1080,2
C02477,4,66.16,16.54,304,0
C02478,3,136.82999999999998,45.60999999999999,51,0
C02479,1,56.28,56.28,1072,2
C02480,3,78.18,26.060000000000002,35,0
C02481,2,28.02,14.01,449,2
C02482,4,140.35,35.0875,168,0
C02483,2,34.32,17.16,374,0
C02484,8,299.21000000000004,37.401250000000005,132,1
C02485,2,70.84,35.42,212,0
C02486,2,47.28,23.64,1007,2
C02487,5,34.38,6.876,135,0
C02488,1,6.61,6.61,196,0
C02489,3,161.86,53.95333333333334,50,4
C02490,16,375.54,23.47125,172,1
C02491,4,204.32999999999998,51.082499999999996,164,4
C02492,2,49.019999999999996,24.509999999999998,132,0
C02493,2,68.72,34.36,107,0
C02494,6,151.21,25.201666666666668,119,0
C02495,2,36.19,18.095,22,0
C02496,2,46.83,23.415,262,0
C02497,4,204.85,51.2125,25,4
C02498,4,190.47,47.6175,560,4
C02499,1,113.83,113.83,60,4
C02500,1,10.71,10.71,666,2
